Watching for file changes with StatReloader
"GET /ru/ HTTP/1.1" 200 38467
"GET /ru/api/v1/products HTTP/1.1" 301 0
"GET /ru/api/v1/products/ HTTP/1.1" 200 398
Not Found: /favicon.ico
"GET /favicon.ico HTTP/1.1" 404 16607
"GET /ru/api/v1/orders/ HTTP/1.1" 200 10820
Not Found: /favicon.ico
"GET /favicon.ico HTTP/1.1" 404 16607
C:\All documents\Projects\DressCode\shop\shop\settings.py changed, reloading.
Watching for file changes with StatReloader
"GET /ru/api/v1/orders/ HTTP/1.1" 200 10820
Not Found: /favicon.ico
"GET /favicon.ico HTTP/1.1" 404 16607
"GET /ru/api/v1/cats/ HTTP/1.1" 200 42
Not Found: /favicon.ico
"GET /favicon.ico HTTP/1.1" 404 16607
"GET /ru/api/v1/cats/ HTTP/1.1" 200 42
Not Found: /favicon.ico
"GET /favicon.ico HTTP/1.1" 404 16607
C:\All documents\Projects\DressCode\shop\shop\urls.py changed, reloading.
Watching for file changes with StatReloader
Not Found: /ru/api/v1/orders/
"GET /ru/api/v1/orders/ HTTP/1.1" 404 25604
"GET /ru/api/orders/ HTTP/1.1" 200 10820
C:\All documents\Projects\DressCode\shop\shop\urls.py changed, reloading.
Watching for file changes with StatReloader
"GET /ru/api/cats/ HTTP/1.1" 200 42
C:\All documents\Projects\DressCode\shop\apps\main\urls.py changed, reloading.
Watching for file changes with StatReloader
C:\All documents\Projects\DressCode\shop\apps\main\serializers.py changed, reloading.
Watching for file changes with StatReloader
C:\All documents\Projects\DressCode\shop\apps\main\serializers.py changed, reloading.
Watching for file changes with StatReloader
C:\All documents\Projects\DressCode\shop\apps\main\views.py changed, reloading.
Watching for file changes with StatReloader
C:\All documents\Projects\DressCode\shop\apps\main\views.py changed, reloading.
Watching for file changes with StatReloader
C:\All documents\Projects\DressCode\shop\apps\main\views.py changed, reloading.
Watching for file changes with StatReloader
C:\All documents\Projects\DressCode\shop\apps\main\views.py changed, reloading.
Watching for file changes with StatReloader
Not Found: /ru/api/product/1/
"GET /ru/api/product/1/ HTTP/1.1" 404 25604
C:\All documents\Projects\DressCode\shop\apps\main\views.py changed, reloading.
Watching for file changes with StatReloader
C:\All documents\Projects\DressCode\shop\apps\main\views.py changed, reloading.
Watching for file changes with StatReloader
Not Found: /ru/api/product/2/
"GET /ru/api/product/2/ HTTP/1.1" 404 20970
"GET / HTTP/1.1" 302 0
"GET /ru/ HTTP/1.1" 200 38467
- Broken pipe from ('127.0.0.1', 57917)
- Broken pipe from ('127.0.0.1', 57921)
"GET /admin/ HTTP/1.1" 302 0
"GET /ru/admin/ HTTP/1.1" 302 0
"GET /ru/admin/login/?next=/ru/admin/ HTTP/1.1" 200 18051
"GET /static/admin/css/base.css HTTP/1.1" 200 22120
"GET /static/admin/css/dark_mode.css HTTP/1.1" 200 2808
"GET /static/admin/css/login.css HTTP/1.1" 200 951
"GET /static/admin/css/nav_sidebar.css HTTP/1.1" 200 2810
"GET /static/admin/css/responsive.css HTTP/1.1" 200 16565
"GET /static/admin/js/theme.js HTTP/1.1" 200 1653
"GET /static/admin/js/nav_sidebar.js HTTP/1.1" 200 3063
Not Found: /favicon.ico
- Broken pipe from ('127.0.0.1', 57934)
"POST /ru/admin/login/?next=/ru/admin/ HTTP/1.1" 302 0
"GET /ru/admin/ HTTP/1.1" 200 34989
"GET /static/admin/css/dashboard.css HTTP/1.1" 200 441
"GET /static/admin/img/icon-addlink.svg HTTP/1.1" 200 331
"GET /static/admin/img/icon-changelink.svg HTTP/1.1" 200 380
"GET /static/admin/img/icon-deletelink.svg HTTP/1.1" 200 392
"GET /ru/admin/main/category/ HTTP/1.1" 200 32896
"GET /static/admin/css/changelists.css HTTP/1.1" 200 6878
"GET /static/admin/js/jquery.init.js HTTP/1.1" 200 347
"GET /static/admin/js/core.js HTTP/1.1" 200 6208
"GET /static/admin/js/admin/RelatedObjectLookups.js HTTP/1.1" 200 9777
"GET /static/admin/js/urlify.js HTTP/1.1" 200 7887
"GET /static/admin/js/actions.js HTTP/1.1" 200 8076
"GET /static/admin/js/prepopulate.js HTTP/1.1" 200 1531
"GET /static/admin/js/filters.js HTTP/1.1" 200 978
"GET /static/admin/js/vendor/jquery/jquery.js HTTP/1.1" 200 285314
"GET /ru/admin/jsi18n/ HTTP/1.1" 200 17546
"GET /static/admin/js/vendor/xregexp/xregexp.js HTTP/1.1" 200 325171
"GET /static/admin/img/tooltag-add.svg HTTP/1.1" 200 331
"GET /static/admin/img/sorting-icons.svg HTTP/1.1" 200 1097
"GET /ru/admin/main/category/add/ HTTP/1.1" 200 32385
"GET /static/admin/css/forms.css HTTP/1.1" 200 8525
"GET /static/admin/js/prepopulate_init.js HTTP/1.1" 200 586
"GET /static/admin/js/change_form.js HTTP/1.1" 200 606
"GET /ru/admin/jsi18n/ HTTP/1.1" 200 17546
"GET /static/admin/css/widgets.css HTTP/1.1" 200 11991
"POST /ru/admin/main/category/add/ HTTP/1.1" 302 0
"GET /ru/admin/main/category/ HTTP/1.1" 200 33539
"GET /ru/admin/jsi18n/ HTTP/1.1" 200 17546
"GET /static/admin/img/icon-yes.svg HTTP/1.1" 200 436
C:\All documents\Projects\DressCode\shop\apps\main\urls.py changed, reloading.
Watching for file changes with StatReloader
Not Found: /ru/api/cats/
"GET /ru/api/cats/ HTTP/1.1" 404 20950
"GET /ru/admin/main/category/ HTTP/1.1" 200 33320
"GET /ru/admin/jsi18n/ HTTP/1.1" 200 17546
Not Found: /ru/api/cats/
"GET /ru/api/cats/ HTTP/1.1" 404 20950
Not Found: /ru/api/product/
"GET /ru/api/product/ HTTP/1.1" 404 20962
Not Found: /ru/api/products/
"GET /ru/api/products/ HTTP/1.1" 404 20966
C:\All documents\Projects\DressCode\shop\apps\main\views.py changed, reloading.
Watching for file changes with StatReloader
"GET /ru/api/orders/ HTTP/1.1" 200 10820
"GET /ru/api/cats/ HTTP/1.1" 200 81
"GET /ru/api/products/ HTTP/1.1" 200 398
"GET /ru/api/cats/ HTTP/1.1" 200 81
"GET /ru/api/cats/1 HTTP/1.1" 301 0
"GET /ru/api/cats/1/ HTTP/1.1" 200 40
"GET /ru/api/cats/ HTTP/1.1" 200 81
C:\All documents\Projects\DressCode\shop\apps\main\urls.py changed, reloading.
Watching for file changes with StatReloader
Watching for file changes with StatReloader
"GET / HTTP/1.1" 302 0
"GET /ru/ HTTP/1.1" 200 38702
- Broken pipe from ('127.0.0.1', 58234)
- Broken pipe from ('127.0.0.1', 58236)
"GET /media/product/2025/08/22/Alright-Hoodie-BL-F.webp HTTP/1.1" 200 37506
- Broken pipe from ('127.0.0.1', 58238)
Not Found: /favicon.ico
- Broken pipe from ('127.0.0.1', 58239)
"GET /products/?price=29.99 HTTP/1.1" 302 0
Not Found: /en/products/
"GET /en/products/?price=29.99 HTTP/1.1" 404 17272
"GET /products/ HTTP/1.1" 302 0
Not Found: /en/products/
"GET /en/products/ HTTP/1.1" 404 17248
"GET /api/products/ HTTP/1.1" 302 0
"GET /en/api/products/ HTTP/1.1" 200 398
"GET /api/products/?price=29.99 HTTP/1.1" 302 0
"GET /en/api/products/?price=29.99 HTTP/1.1" 200 2
"GET /api/products/?price=48 HTTP/1.1" 302 0
"GET /en/api/products/?price=48 HTTP/1.1" 200 398
"GET /api/products/?search=Zip%20hoodie%20oversized%20Unorthodox&price=48 HTTP/1.1" 302 0
"GET /en/api/products/?search=Zip%20hoodie%20oversized%20Unorthodox&price=48 HTTP/1.1" 200 398
"GET /api/products/?search=Zip%20hoodie%20oversized%20Unorthodox&price=2 HTTP/1.1" 302 0
"GET /en/api/products/?search=Zip%20hoodie%20oversized%20Unorthodox&price=2 HTTP/1.1" 200 2
"GET / HTTP/1.1" 302 0
"GET /ru/ HTTP/1.1" 200 38701
"GET /admin/ HTTP/1.1" 302 0
"GET /ru/admin/ HTTP/1.1" 200 35006
- Broken pipe from ('127.0.0.1', 58426)
- Broken pipe from ('127.0.0.1', 58428)
"GET /ru/admin/main/product/ HTTP/1.1" 200 39074
"GET /static/admin/img/icon-no.svg HTTP/1.1" 200 560
"GET /ru/admin/jsi18n/ HTTP/1.1" 200 17546
"GET /static/admin/img/icon-viewlink.svg HTTP/1.1" 200 581
"GET /ru/admin/main/product/2/change/ HTTP/1.1" 200 53232
"GET /static/admin/js/inlines.js HTTP/1.1" 200 15628
"GET /ru/admin/jsi18n/ HTTP/1.1" 200 17546
"GET /static/admin/img/tooltag-arrowright.svg HTTP/1.1" 200 280
"GET /static/admin/img/inline-delete.svg HTTP/1.1" 200 537
"GET /ru/admin/main/product/ HTTP/1.1" 200 39074
"GET /ru/admin/main/product/add/ HTTP/1.1" 200 47355
"GET /ru/admin/jsi18n/ HTTP/1.1" 200 17546
"POST /ru/admin/main/product/add/ HTTP/1.1" 200 47716
"GET /ru/admin/jsi18n/ HTTP/1.1" 200 17546
"GET /api/products/?search=Zip%20hoodie%20oversized%20Unorthodox HTTP/1.1" 302 0
"GET /en/api/products/?search=Zip%20hoodie%20oversized%20Unorthodox HTTP/1.1" 200 398
"POST /ru/admin/main/product/add/ HTTP/1.1" 200 47760
"GET /ru/admin/jsi18n/ HTTP/1.1" 200 17546
"POST /ru/admin/main/product/add/ HTTP/1.1" 200 47673
"GET /ru/admin/jsi18n/ HTTP/1.1" 200 17546
"POST /ru/admin/main/product/add/ HTTP/1.1" 302 0
"GET /ru/admin/main/product/ HTTP/1.1" 200 40470
"GET /ru/admin/jsi18n/ HTTP/1.1" 200 17546
"GET /media/product/2025/08/22/Alright-Hoodie-BL-F.webp HTTP/1.1" 200 37506
"GET /api/products/?search=Revenge%20unisex%20oversized%20T-shirt HTTP/1.1" 302 0
"GET /en/api/products/?search=Revenge%20unisex%20oversized%20T-shirt HTTP/1.1" 200 331
"GET /api/orders/1 HTTP/1.1" 302 0
Not Found: /en/api/orders/1/
"GET /en/api/orders/1/ HTTP/1.1" 404 46
"GET /api/orders/1/ HTTP/1.1" 302 0
Not Found: /en/api/orders/1/
"GET /en/api/orders/1/ HTTP/1.1" 404 46
"GET /api/orders HTTP/1.1" 302 0
"GET /en/api/orders/ HTTP/1.1" 200 10820
"GET /api/orders/3 HTTP/1.1" 302 0
"GET /en/api/orders/3/ HTTP/1.1" 200 431
"GET /api/orders/2 HTTP/1.1" 302 0
"GET /en/api/orders/2/ HTTP/1.1" 200 431
"GET /api/orders/1 HTTP/1.1" 302 0
Not Found: /en/api/orders/1/
"GET /en/api/orders/1/ HTTP/1.1" 404 46
"GET /api/orders/2/ HTTP/1.1" 302 0
"GET /en/api/orders/2/ HTTP/1.1" 200 431
C:\All documents\Projects\DressCode\shop\apps\orders\views.py changed, reloading.
Watching for file changes with StatReloader
C:\All documents\Projects\DressCode\shop\apps\orders\views.py changed, reloading.
Watching for file changes with StatReloader
Internal Server Error: /ru/
Traceback (most recent call last):
  File "C:\All documents\Projects\DressCode\shop\venv\Lib\site-packages\django\template\base.py", line 890, in _resolve_lookup
    raise TypeError
TypeError

During handling of the above exception, another exception occurred:

Traceback (most recent call last):
  File "C:\All documents\Projects\DressCode\shop\venv\Lib\site-packages\django\core\handlers\exception.py", line 55, in inner
    response = get_response(request)
  File "C:\All documents\Projects\DressCode\shop\venv\Lib\site-packages\django\core\handlers\base.py", line 220, in _get_response
    response = response.render()
  File "C:\All documents\Projects\DressCode\shop\venv\Lib\site-packages\django\template\response.py", line 114, in render
    self.content = self.rendered_content
                   ^^^^^^^^^^^^^^^^^^^^^
  File "C:\All documents\Projects\DressCode\shop\venv\Lib\site-packages\django\template\response.py", line 92, in rendered_content
    return template.render(context, self._request)
           ~~~~~~~~~~~~~~~^^^^^^^^^^^^^^^^^^^^^^^^
  File "C:\All documents\Projects\DressCode\shop\venv\Lib\site-packages\django\template\backends\django.py", line 107, in render
    return self.template.render(context)
           ~~~~~~~~~~~~~~~~~~~~^^^^^^^^^
  File "C:\All documents\Projects\DressCode\shop\venv\Lib\site-packages\django\template\base.py", line 171, in render
    return self._render(context)
           ~~~~~~~~~~~~^^^^^^^^^
  File "C:\All documents\Projects\DressCode\shop\venv\Lib\site-packages\django\test\utils.py", line 114, in instrumented_test_render
    return self.nodelist.render(context)
           ~~~~~~~~~~~~~~~~~~~~^^^^^^^^^
  File "C:\All documents\Projects\DressCode\shop\venv\Lib\site-packages\django\template\base.py", line 1016, in render
    return SafeString("".join([node.render_annotated(context) for node in self]))
                               ~~~~~~~~~~~~~~~~~~~~~^^^^^^^^^
  File "C:\All documents\Projects\DressCode\shop\venv\Lib\site-packages\django\template\base.py", line 977, in render_annotated
    return self.render(context)
           ~~~~~~~~~~~^^^^^^^^^
  File "C:\All documents\Projects\DressCode\shop\venv\Lib\site-packages\django\template\loader_tags.py", line 159, in render
    return compiled_parent._render(context)
           ~~~~~~~~~~~~~~~~~~~~~~~^^^^^^^^^
  File "C:\All documents\Projects\DressCode\shop\venv\Lib\site-packages\django\test\utils.py", line 114, in instrumented_test_render
    return self.nodelist.render(context)
           ~~~~~~~~~~~~~~~~~~~~^^^^^^^^^
  File "C:\All documents\Projects\DressCode\shop\venv\Lib\site-packages\django\template\base.py", line 1016, in render
    return SafeString("".join([node.render_annotated(context) for node in self]))
                               ~~~~~~~~~~~~~~~~~~~~~^^^^^^^^^
  File "C:\All documents\Projects\DressCode\shop\venv\Lib\site-packages\django\template\base.py", line 977, in render_annotated
    return self.render(context)
           ~~~~~~~~~~~^^^^^^^^^
  File "C:\All documents\Projects\DressCode\shop\venv\Lib\site-packages\django\template\loader_tags.py", line 65, in render
    result = block.nodelist.render(context)
  File "C:\All documents\Projects\DressCode\shop\venv\Lib\site-packages\django\template\base.py", line 1016, in render
    return SafeString("".join([node.render_annotated(context) for node in self]))
                               ~~~~~~~~~~~~~~~~~~~~~^^^^^^^^^
  File "C:\All documents\Projects\DressCode\shop\venv\Lib\site-packages\django\template\base.py", line 977, in render_annotated
    return self.render(context)
           ~~~~~~~~~~~^^^^^^^^^
  File "C:\All documents\Projects\DressCode\shop\venv\Lib\site-packages\django\template\loader_tags.py", line 210, in render
    return template.render(context)
           ~~~~~~~~~~~~~~~^^^^^^^^^
  File "C:\All documents\Projects\DressCode\shop\venv\Lib\site-packages\django\template\base.py", line 173, in render
    return self._render(context)
           ~~~~~~~~~~~~^^^^^^^^^
  File "C:\All documents\Projects\DressCode\shop\venv\Lib\site-packages\django\test\utils.py", line 114, in instrumented_test_render
    return self.nodelist.render(context)
           ~~~~~~~~~~~~~~~~~~~~^^^^^^^^^
  File "C:\All documents\Projects\DressCode\shop\venv\Lib\site-packages\django\template\base.py", line 1016, in render
    return SafeString("".join([node.render_annotated(context) for node in self]))
                               ~~~~~~~~~~~~~~~~~~~~~^^^^^^^^^
  File "C:\All documents\Projects\DressCode\shop\venv\Lib\site-packages\django\template\base.py", line 977, in render_annotated
    return self.render(context)
           ~~~~~~~~~~~^^^^^^^^^
  File "C:\All documents\Projects\DressCode\shop\venv\Lib\site-packages\django\template\defaulttags.py", line 243, in render
    nodelist.append(node.render_annotated(context))
                    ~~~~~~~~~~~~~~~~~~~~~^^^^^^^^^
  File "C:\All documents\Projects\DressCode\shop\venv\Lib\site-packages\django\template\base.py", line 977, in render_annotated
    return self.render(context)
           ~~~~~~~~~~~^^^^^^^^^
  File "C:\All documents\Projects\DressCode\shop\venv\Lib\site-packages\django\template\base.py", line 1075, in render
    output = self.filter_expression.resolve(context)
  File "C:\All documents\Projects\DressCode\shop\venv\Lib\site-packages\django\template\base.py", line 722, in resolve
    obj = self.var.resolve(context)
  File "C:\All documents\Projects\DressCode\shop\venv\Lib\site-packages\django\template\base.py", line 854, in resolve
    value = self._resolve_lookup(context)
  File "C:\All documents\Projects\DressCode\shop\venv\Lib\site-packages\django\template\base.py", line 901, in _resolve_lookup
    current = getattr(current, bit)
  File "C:\All documents\Projects\DressCode\shop\venv\Lib\site-packages\django\db\models\fields\files.py", line 69, in url
    self._require_file()
    ~~~~~~~~~~~~~~~~~~^^
  File "C:\All documents\Projects\DressCode\shop\venv\Lib\site-packages\django\db\models\fields\files.py", line 44, in _require_file
    raise ValueError(
        "The '%s' attribute has no file associated with it." % self.field.name
    )
ValueError: The 'image' attribute has no file associated with it.
"GET /ru/ HTTP/1.1" 500 245672
"GET /ru/api/products/ HTTP/1.1" 200 728
Not Found: /favicon.ico
"GET /favicon.ico HTTP/1.1" 404 16607
Not Found: /ru/api/cats/
"GET /ru/api/cats/ HTTP/1.1" 404 25620
"GET /ru/api/products/ HTTP/1.1" 200 728
Watching for file changes with StatReloader
Watching for file changes with StatReloader
"GET / HTTP/1.1" 302 0
Internal Server Error: /ru/
Traceback (most recent call last):
  File "C:\All documents\Projects\DressCode\shop\venv\Lib\site-packages\django\template\base.py", line 890, in _resolve_lookup
    raise TypeError
TypeError

During handling of the above exception, another exception occurred:

Traceback (most recent call last):
  File "C:\All documents\Projects\DressCode\shop\venv\Lib\site-packages\django\core\handlers\exception.py", line 55, in inner
    response = get_response(request)
  File "C:\All documents\Projects\DressCode\shop\venv\Lib\site-packages\django\core\handlers\base.py", line 220, in _get_response
    response = response.render()
  File "C:\All documents\Projects\DressCode\shop\venv\Lib\site-packages\django\template\response.py", line 114, in render
    self.content = self.rendered_content
                   ^^^^^^^^^^^^^^^^^^^^^
  File "C:\All documents\Projects\DressCode\shop\venv\Lib\site-packages\django\template\response.py", line 92, in rendered_content
    return template.render(context, self._request)
           ~~~~~~~~~~~~~~~^^^^^^^^^^^^^^^^^^^^^^^^
  File "C:\All documents\Projects\DressCode\shop\venv\Lib\site-packages\django\template\backends\django.py", line 107, in render
    return self.template.render(context)
           ~~~~~~~~~~~~~~~~~~~~^^^^^^^^^
  File "C:\All documents\Projects\DressCode\shop\venv\Lib\site-packages\django\template\base.py", line 171, in render
    return self._render(context)
           ~~~~~~~~~~~~^^^^^^^^^
  File "C:\All documents\Projects\DressCode\shop\venv\Lib\site-packages\django\test\utils.py", line 114, in instrumented_test_render
    return self.nodelist.render(context)
           ~~~~~~~~~~~~~~~~~~~~^^^^^^^^^
  File "C:\All documents\Projects\DressCode\shop\venv\Lib\site-packages\django\template\base.py", line 1016, in render
    return SafeString("".join([node.render_annotated(context) for node in self]))
                               ~~~~~~~~~~~~~~~~~~~~~^^^^^^^^^
  File "C:\All documents\Projects\DressCode\shop\venv\Lib\site-packages\django\template\base.py", line 977, in render_annotated
    return self.render(context)
           ~~~~~~~~~~~^^^^^^^^^
  File "C:\All documents\Projects\DressCode\shop\venv\Lib\site-packages\django\template\loader_tags.py", line 159, in render
    return compiled_parent._render(context)
           ~~~~~~~~~~~~~~~~~~~~~~~^^^^^^^^^
  File "C:\All documents\Projects\DressCode\shop\venv\Lib\site-packages\django\test\utils.py", line 114, in instrumented_test_render
    return self.nodelist.render(context)
           ~~~~~~~~~~~~~~~~~~~~^^^^^^^^^
  File "C:\All documents\Projects\DressCode\shop\venv\Lib\site-packages\django\template\base.py", line 1016, in render
    return SafeString("".join([node.render_annotated(context) for node in self]))
                               ~~~~~~~~~~~~~~~~~~~~~^^^^^^^^^
  File "C:\All documents\Projects\DressCode\shop\venv\Lib\site-packages\django\template\base.py", line 977, in render_annotated
    return self.render(context)
           ~~~~~~~~~~~^^^^^^^^^
  File "C:\All documents\Projects\DressCode\shop\venv\Lib\site-packages\django\template\loader_tags.py", line 65, in render
    result = block.nodelist.render(context)
  File "C:\All documents\Projects\DressCode\shop\venv\Lib\site-packages\django\template\base.py", line 1016, in render
    return SafeString("".join([node.render_annotated(context) for node in self]))
                               ~~~~~~~~~~~~~~~~~~~~~^^^^^^^^^
  File "C:\All documents\Projects\DressCode\shop\venv\Lib\site-packages\django\template\base.py", line 977, in render_annotated
    return self.render(context)
           ~~~~~~~~~~~^^^^^^^^^
  File "C:\All documents\Projects\DressCode\shop\venv\Lib\site-packages\django\template\loader_tags.py", line 210, in render
    return template.render(context)
           ~~~~~~~~~~~~~~~^^^^^^^^^
  File "C:\All documents\Projects\DressCode\shop\venv\Lib\site-packages\django\template\base.py", line 173, in render
    return self._render(context)
           ~~~~~~~~~~~~^^^^^^^^^
  File "C:\All documents\Projects\DressCode\shop\venv\Lib\site-packages\django\test\utils.py", line 114, in instrumented_test_render
    return self.nodelist.render(context)
           ~~~~~~~~~~~~~~~~~~~~^^^^^^^^^
  File "C:\All documents\Projects\DressCode\shop\venv\Lib\site-packages\django\template\base.py", line 1016, in render
    return SafeString("".join([node.render_annotated(context) for node in self]))
                               ~~~~~~~~~~~~~~~~~~~~~^^^^^^^^^
  File "C:\All documents\Projects\DressCode\shop\venv\Lib\site-packages\django\template\base.py", line 977, in render_annotated
    return self.render(context)
           ~~~~~~~~~~~^^^^^^^^^
  File "C:\All documents\Projects\DressCode\shop\venv\Lib\site-packages\django\template\defaulttags.py", line 243, in render
    nodelist.append(node.render_annotated(context))
                    ~~~~~~~~~~~~~~~~~~~~~^^^^^^^^^
  File "C:\All documents\Projects\DressCode\shop\venv\Lib\site-packages\django\template\base.py", line 977, in render_annotated
    return self.render(context)
           ~~~~~~~~~~~^^^^^^^^^
  File "C:\All documents\Projects\DressCode\shop\venv\Lib\site-packages\django\template\base.py", line 1075, in render
    output = self.filter_expression.resolve(context)
  File "C:\All documents\Projects\DressCode\shop\venv\Lib\site-packages\django\template\base.py", line 722, in resolve
    obj = self.var.resolve(context)
  File "C:\All documents\Projects\DressCode\shop\venv\Lib\site-packages\django\template\base.py", line 854, in resolve
    value = self._resolve_lookup(context)
  File "C:\All documents\Projects\DressCode\shop\venv\Lib\site-packages\django\template\base.py", line 901, in _resolve_lookup
    current = getattr(current, bit)
  File "C:\All documents\Projects\DressCode\shop\venv\Lib\site-packages\django\db\models\fields\files.py", line 69, in url
    self._require_file()
    ~~~~~~~~~~~~~~~~~~^^
  File "C:\All documents\Projects\DressCode\shop\venv\Lib\site-packages\django\db\models\fields\files.py", line 44, in _require_file
    raise ValueError(
        "The '%s' attribute has no file associated with it." % self.field.name
    )
ValueError: The 'image' attribute has no file associated with it.
"GET /ru/ HTTP/1.1" 500 245212
"GET /static/debug_toolbar/css/toolbar.css HTTP/1.1" 200 29468
"GET /static/debug_toolbar/css/print.css HTTP/1.1" 200 43
"GET /static/debug_toolbar/js/toolbar.js HTTP/1.1" 200 14879
Not Found: /favicon.ico
"GET /favicon.ico HTTP/1.1" 404 16607
"GET /static/debug_toolbar/js/utils.js HTTP/1.1" 200 4700
Watching for file changes with StatReloader
"GET /admin/ HTTP/1.1" 302 0
"GET /ru/admin/ HTTP/1.1" 302 0
"GET /ru/admin/login/?next=/ru/admin/ HTTP/1.1" 200 18484
"GET /static/admin/css/base.css HTTP/1.1" 200 22120
"GET /static/admin/css/dark_mode.css HTTP/1.1" 200 2808
"GET /static/admin/css/login.css HTTP/1.1" 200 951
"GET /static/admin/css/nav_sidebar.css HTTP/1.1" 200 2810
"GET /static/admin/css/responsive.css HTTP/1.1" 200 16565
"GET /static/admin/js/theme.js HTTP/1.1" 200 1653
"GET /static/admin/js/nav_sidebar.js HTTP/1.1" 200 3063
Not Found: /favicon.ico
"GET /favicon.ico HTTP/1.1" 404 16608
"POST /ru/admin/login/?next=/ru/admin/ HTTP/1.1" 302 0
"GET /ru/admin/ HTTP/1.1" 200 35043
"GET /static/admin/css/dashboard.css HTTP/1.1" 200 441
"GET /static/admin/img/icon-deletelink.svg HTTP/1.1" 200 392
"GET /static/admin/img/icon-addlink.svg HTTP/1.1" 200 331
"GET /static/admin/img/icon-changelink.svg HTTP/1.1" 200 380
Not Found: /favicon.ico
"GET /favicon.ico HTTP/1.1" 404 16608
"GET /ru/admin/ HTTP/1.1" 200 35043
"GET /ru/admin/ HTTP/1.1" 200 35043
"GET /ru/admin/ HTTP/1.1" 200 35043
"GET /ru/admin/login/?next=/ru/admin/ HTTP/1.1" 302 0
"GET /ru/admin/ HTTP/1.1" 200 35043
"GET /ru/admin/coupons/coupon/ HTTP/1.1" 200 33315
"GET /static/admin/css/changelists.css HTTP/1.1" 200 6878
"GET /static/admin/js/jquery.init.js HTTP/1.1" 200 347
"GET /static/admin/js/core.js HTTP/1.1" 200 6208
"GET /static/admin/js/admin/RelatedObjectLookups.js HTTP/1.1" 200 9777
"GET /static/admin/js/actions.js HTTP/1.1" 200 8076
"GET /static/admin/js/urlify.js HTTP/1.1" 200 7887
"GET /static/admin/js/prepopulate.js HTTP/1.1" 200 1531
"GET /static/admin/js/filters.js HTTP/1.1" 200 978
"GET /static/admin/js/vendor/jquery/jquery.js HTTP/1.1" 200 285314
"GET /ru/admin/jsi18n/ HTTP/1.1" 200 17546
"GET /static/admin/js/vendor/xregexp/xregexp.js HTTP/1.1" 200 325171
"GET /static/admin/img/search.svg HTTP/1.1" 200 458
"GET /static/admin/img/icon-yes.svg HTTP/1.1" 200 436
"GET /static/admin/img/tooltag-add.svg HTTP/1.1" 200 331
"GET /ru/admin/ HTTP/1.1" 200 35043
"GET /ru/admin/ HTTP/1.1" 200 35043
"GET /ru/admin/ HTTP/1.1" 200 35043
"GET /ru/admin/ HTTP/1.1" 200 35043
"GET /ru/admin/ HTTP/1.1" 302 0
"GET /ru/admin/login/?next=/ru/admin/ HTTP/1.1" 200 18484
"GET /static/admin/css/base.css HTTP/1.1" 200 22120
"GET /static/admin/css/dark_mode.css HTTP/1.1" 200 2808
"GET /static/admin/js/theme.js HTTP/1.1" 200 1653
"GET /static/admin/css/nav_sidebar.css HTTP/1.1" 200 2810
"GET /static/admin/js/nav_sidebar.js HTTP/1.1" 200 3063
"GET /static/admin/css/responsive.css HTTP/1.1" 200 16565
"GET /static/admin/css/login.css HTTP/1.1" 200 951
"GET /static/debug_toolbar/js/toolbar.js HTTP/1.1" 200 14879
"GET /static/debug_toolbar/css/toolbar.css HTTP/1.1" 200 29468
"GET /static/debug_toolbar/css/print.css HTTP/1.1" 200 43
"GET /static/debug_toolbar/js/utils.js HTTP/1.1" 200 4700
Not Found: /favicon.ico
"GET /favicon.ico HTTP/1.1" 404 16608
"POST /ru/admin/login/?next=/ru/admin/ HTTP/1.1" 302 0
"GET /ru/admin/ HTTP/1.1" 200 35043
"GET /static/admin/css/dashboard.css HTTP/1.1" 200 441
"GET /static/admin/img/icon-addlink.svg HTTP/1.1" 200 331
"GET /static/admin/img/icon-changelink.svg HTTP/1.1" 200 380
"GET /static/admin/img/icon-deletelink.svg HTTP/1.1" 200 392
Not Found: /favicon.ico
"GET /favicon.ico HTTP/1.1" 404 16608
"GET /ru/admin/ HTTP/1.1" 200 35043
"GET /ru/admin/ HTTP/1.1" 200 35043
"GET /ru/admin/ HTTP/1.1" 200 35043
"GET /ru/admin/ HTTP/1.1" 200 35043
C:\All documents\Projects\DressCode\shop\shop\settings.py changed, reloading.
Watching for file changes with StatReloader
"GET /ru/admin/ HTTP/1.1" 200 0
"GET /ru/admin/ HTTP/1.1" 200 0
"GET /ru/admin/ HTTP/1.1" 200 0
"GET /ru/admin/ HTTP/1.1" 200 0
"GET /ru/admin/ HTTP/1.1" 200 0
Watching for file changes with StatReloader
"GET /ru/admin/ HTTP/1.1" 200 78298
"GET /static/unfold/fonts/inter/styles.css HTTP/1.1" 200 608
"GET /static/unfold/fonts/material-symbols/styles.css HTTP/1.1" 200 164
"GET /static/unfold/css/simplebar/simplebar.css HTTP/1.1" 200 4647
"GET /static/unfold/js/alpine/alpine.persist.js HTTP/1.1" 200 837
"GET /static/unfold/js/alpine/alpine.anchor.js HTTP/1.1" 200 15524
"GET /static/unfold/js/alpine/alpine.resize.js HTTP/1.1" 200 703
"GET /static/unfold/js/alpine/alpine.sort.js HTTP/1.1" 200 37891
"GET /static/unfold/js/htmx/htmx.js HTTP/1.1" 200 50918
"GET /static/unfold/js/alpine/alpine.js HTTP/1.1" 200 44758
"GET /static/unfold/js/app.js HTTP/1.1" 200 13454
"GET /static/unfold/css/styles.css HTTP/1.1" 200 159921
"GET /static/unfold/js/simplebar/simplebar.js HTTP/1.1" 200 27176
"GET /static/unfold/js/chart/chart.js HTTP/1.1" 200 200633
"GET /static/debug_toolbar/css/toolbar.css HTTP/1.1" 200 29468
"GET /static/debug_toolbar/js/toolbar.js HTTP/1.1" 200 14879
"GET /static/debug_toolbar/js/utils.js HTTP/1.1" 200 4700
"GET /static/debug_toolbar/css/print.css HTTP/1.1" 200 43
"GET /static/unfold/fonts/inter/Inter-SemiBold.woff2 HTTP/1.1" 200 114812
"GET /static/unfold/fonts/inter/Inter-Regular.woff2 HTTP/1.1" 200 111268
"GET /static/unfold/fonts/material-symbols/Material-Symbols-Outlined.woff2 HTTP/1.1" 200 274228
Not Found: /favicon.ico
"GET /favicon.ico HTTP/1.1" 404 16606
"GET /ru/admin/ HTTP/1.1" 200 78297
"GET /ru/admin/main/brand/ HTTP/1.1" 200 59009
"GET /static/admin/js/admin/RelatedObjectLookups.js HTTP/1.1" 200 9222
"GET /static/admin/js/jquery.init.js HTTP/1.1" 200 347
"GET /static/admin/js/core.js HTTP/1.1" 200 6208
"GET /static/admin/js/actions.js HTTP/1.1" 200 8076
"GET /static/admin/js/urlify.js HTTP/1.1" 200 7887
"GET /static/admin/js/prepopulate.js HTTP/1.1" 200 1531
"GET /static/admin/js/vendor/xregexp/xregexp.js HTTP/1.1" 200 325171
"GET /static/admin/js/vendor/jquery/jquery.js HTTP/1.1" 200 285314
"GET /ru/admin/jsi18n/ HTTP/1.1" 200 17546
"GET /ru/admin/main/brand/1/change/ HTTP/1.1" 200 54442
"GET /static/unfold/fonts/inter/styles.css HTTP/1.1" 304 0
"GET /static/unfold/css/simplebar/simplebar.css HTTP/1.1" 304 0
"GET /static/unfold/fonts/material-symbols/styles.css HTTP/1.1" 304 0
"GET /static/unfold/css/styles.css HTTP/1.1" 304 0
"GET /static/unfold/js/alpine/alpine.anchor.js HTTP/1.1" 304 0
"GET /static/unfold/js/alpine/alpine.sort.js HTTP/1.1" 304 0
"GET /static/unfold/js/alpine/alpine.persist.js HTTP/1.1" 304 0
"GET /static/unfold/js/alpine/alpine.js HTTP/1.1" 304 0
"GET /static/unfold/js/htmx/htmx.js HTTP/1.1" 304 0
"GET /static/unfold/js/alpine/alpine.resize.js HTTP/1.1" 304 0
"GET /static/unfold/js/chart/chart.js HTTP/1.1" 304 0
"GET /static/admin/js/admin/RelatedObjectLookups.js HTTP/1.1" 304 0
"GET /static/unfold/js/app.js HTTP/1.1" 304 0
"GET /static/unfold/js/simplebar/simplebar.js HTTP/1.1" 304 0
"GET /static/admin/js/prepopulate_init.js HTTP/1.1" 200 586
"GET /static/admin/js/change_form.js HTTP/1.1" 200 606
"GET /ru/admin/jsi18n/ HTTP/1.1" 200 17546
"GET /static/unfold/fonts/inter/Inter-Medium.woff2 HTTP/1.1" 200 114348
Not Found: /favicon.ico
- Broken pipe from ('127.0.0.1', 54380)
"GET /ru/admin/main/brand/ HTTP/1.1" 200 59009
C:\All documents\Projects\DressCode\shop\apps\main\admin.py changed, reloading.
Watching for file changes with StatReloader
C:\All documents\Projects\DressCode\shop\apps\main\admin.py changed, reloading.
Watching for file changes with StatReloader
C:\All documents\Projects\DressCode\shop\apps\main\admin.py changed, reloading.
Watching for file changes with StatReloader
C:\All documents\Projects\DressCode\shop\apps\main\admin.py changed, reloading.
Watching for file changes with StatReloader
C:\All documents\Projects\DressCode\shop\apps\main\admin.py changed, reloading.
Watching for file changes with StatReloader
C:\All documents\Projects\DressCode\shop\apps\main\admin.py changed, reloading.
Watching for file changes with StatReloader
C:\All documents\Projects\DressCode\shop\apps\main\admin.py changed, reloading.
Watching for file changes with StatReloader
"GET /ru/admin/main/product/ HTTP/1.1" 200 101010
"GET /static/unfold/fonts/inter/styles.css HTTP/1.1" 304 0
"GET /static/unfold/fonts/material-symbols/styles.css HTTP/1.1" 304 0
"GET /static/unfold/js/alpine/alpine.anchor.js HTTP/1.1" 304 0
"GET /static/unfold/css/styles.css HTTP/1.1" 304 0
"GET /static/unfold/css/simplebar/simplebar.css HTTP/1.1" 304 0
"GET /static/unfold/js/alpine/alpine.resize.js HTTP/1.1" 304 0
"GET /static/unfold/js/alpine/alpine.js HTTP/1.1" 304 0
"GET /static/unfold/js/alpine/alpine.persist.js HTTP/1.1" 304 0
"GET /static/unfold/js/htmx/htmx.js HTTP/1.1" 304 0
"GET /static/unfold/js/chart/chart.js HTTP/1.1" 304 0
"GET /static/unfold/js/alpine/alpine.sort.js HTTP/1.1" 304 0
"GET /static/admin/js/admin/RelatedObjectLookups.js HTTP/1.1" 304 0
"GET /static/unfold/js/simplebar/simplebar.js HTTP/1.1" 304 0
"GET /static/unfold/js/app.js HTTP/1.1" 304 0
"GET /ru/admin/jsi18n/ HTTP/1.1" 200 17546
"GET /static/unfold/fonts/inter/Inter-Medium.woff2 HTTP/1.1" 304 0
"GET /media/product/2025/08/22/Alright-Hoodie-BL-F.webp HTTP/1.1" 200 37506
"GET /ru/admin/main/product/3/change/ HTTP/1.1" 200 85594
"GET /static/admin/js/inlines.js HTTP/1.1" 200 16222
"GET /ru/admin/jsi18n/ HTTP/1.1" 200 17546
"GET /static/admin/img/icon-changelink.svg HTTP/1.1" 200 380
"GET /static/admin/img/icon-addlink.svg HTTP/1.1" 200 331
"GET /static/admin/img/icon-viewlink.svg HTTP/1.1" 200 581
"POST /ru/admin/main/product/3/change/ HTTP/1.1" 302 0
"GET /ru/admin/main/product/ HTTP/1.1" 200 101461
"GET /ru/admin/jsi18n/ HTTP/1.1" 200 17546
"GET /ru/admin/main/product/3/change/ HTTP/1.1" 200 91430
"GET /ru/admin/jsi18n/ HTTP/1.1" 200 17546
"GET /ru/admin/main/product/ HTTP/1.1" 200 101009
"GET /ru/admin/jsi18n/ HTTP/1.1" 200 17546
"GET /ru/admin/main/product/2/change/ HTTP/1.1" 200 99167
"GET /ru/admin/jsi18n/ HTTP/1.1" 200 17546
"GET / HTTP/1.1" 302 0
Internal Server Error: /ru/
Traceback (most recent call last):
  File "C:\All documents\Projects\DressCode\shop\venv\Lib\site-packages\django\template\base.py", line 890, in _resolve_lookup
    raise TypeError
TypeError

During handling of the above exception, another exception occurred:

Traceback (most recent call last):
  File "C:\All documents\Projects\DressCode\shop\venv\Lib\site-packages\django\core\handlers\exception.py", line 55, in inner
    response = get_response(request)
  File "C:\All documents\Projects\DressCode\shop\venv\Lib\site-packages\django\core\handlers\base.py", line 220, in _get_response
    response = response.render()
  File "C:\All documents\Projects\DressCode\shop\venv\Lib\site-packages\django\template\response.py", line 114, in render
    self.content = self.rendered_content
                   ^^^^^^^^^^^^^^^^^^^^^
  File "C:\All documents\Projects\DressCode\shop\venv\Lib\site-packages\django\template\response.py", line 92, in rendered_content
    return template.render(context, self._request)
           ~~~~~~~~~~~~~~~^^^^^^^^^^^^^^^^^^^^^^^^
  File "C:\All documents\Projects\DressCode\shop\venv\Lib\site-packages\django\template\backends\django.py", line 107, in render
    return self.template.render(context)
           ~~~~~~~~~~~~~~~~~~~~^^^^^^^^^
  File "C:\All documents\Projects\DressCode\shop\venv\Lib\site-packages\django\template\base.py", line 171, in render
    return self._render(context)
           ~~~~~~~~~~~~^^^^^^^^^
  File "C:\All documents\Projects\DressCode\shop\venv\Lib\site-packages\django\test\utils.py", line 114, in instrumented_test_render
    return self.nodelist.render(context)
           ~~~~~~~~~~~~~~~~~~~~^^^^^^^^^
  File "C:\All documents\Projects\DressCode\shop\venv\Lib\site-packages\django\template\base.py", line 1016, in render
    return SafeString("".join([node.render_annotated(context) for node in self]))
                               ~~~~~~~~~~~~~~~~~~~~~^^^^^^^^^
  File "C:\All documents\Projects\DressCode\shop\venv\Lib\site-packages\django\template\base.py", line 977, in render_annotated
    return self.render(context)
           ~~~~~~~~~~~^^^^^^^^^
  File "C:\All documents\Projects\DressCode\shop\venv\Lib\site-packages\django\template\loader_tags.py", line 159, in render
    return compiled_parent._render(context)
           ~~~~~~~~~~~~~~~~~~~~~~~^^^^^^^^^
  File "C:\All documents\Projects\DressCode\shop\venv\Lib\site-packages\django\test\utils.py", line 114, in instrumented_test_render
    return self.nodelist.render(context)
           ~~~~~~~~~~~~~~~~~~~~^^^^^^^^^
  File "C:\All documents\Projects\DressCode\shop\venv\Lib\site-packages\django\template\base.py", line 1016, in render
    return SafeString("".join([node.render_annotated(context) for node in self]))
                               ~~~~~~~~~~~~~~~~~~~~~^^^^^^^^^
  File "C:\All documents\Projects\DressCode\shop\venv\Lib\site-packages\django\template\base.py", line 977, in render_annotated
    return self.render(context)
           ~~~~~~~~~~~^^^^^^^^^
  File "C:\All documents\Projects\DressCode\shop\venv\Lib\site-packages\django\template\loader_tags.py", line 65, in render
    result = block.nodelist.render(context)
  File "C:\All documents\Projects\DressCode\shop\venv\Lib\site-packages\django\template\base.py", line 1016, in render
    return SafeString("".join([node.render_annotated(context) for node in self]))
                               ~~~~~~~~~~~~~~~~~~~~~^^^^^^^^^
  File "C:\All documents\Projects\DressCode\shop\venv\Lib\site-packages\django\template\base.py", line 977, in render_annotated
    return self.render(context)
           ~~~~~~~~~~~^^^^^^^^^
  File "C:\All documents\Projects\DressCode\shop\venv\Lib\site-packages\django\template\loader_tags.py", line 210, in render
    return template.render(context)
           ~~~~~~~~~~~~~~~^^^^^^^^^
  File "C:\All documents\Projects\DressCode\shop\venv\Lib\site-packages\django\template\base.py", line 173, in render
    return self._render(context)
           ~~~~~~~~~~~~^^^^^^^^^
  File "C:\All documents\Projects\DressCode\shop\venv\Lib\site-packages\django\test\utils.py", line 114, in instrumented_test_render
    return self.nodelist.render(context)
           ~~~~~~~~~~~~~~~~~~~~^^^^^^^^^
  File "C:\All documents\Projects\DressCode\shop\venv\Lib\site-packages\django\template\base.py", line 1016, in render
    return SafeString("".join([node.render_annotated(context) for node in self]))
                               ~~~~~~~~~~~~~~~~~~~~~^^^^^^^^^
  File "C:\All documents\Projects\DressCode\shop\venv\Lib\site-packages\django\template\base.py", line 977, in render_annotated
    return self.render(context)
           ~~~~~~~~~~~^^^^^^^^^
  File "C:\All documents\Projects\DressCode\shop\venv\Lib\site-packages\django\template\defaulttags.py", line 243, in render
    nodelist.append(node.render_annotated(context))
                    ~~~~~~~~~~~~~~~~~~~~~^^^^^^^^^
  File "C:\All documents\Projects\DressCode\shop\venv\Lib\site-packages\django\template\base.py", line 977, in render_annotated
    return self.render(context)
           ~~~~~~~~~~~^^^^^^^^^
  File "C:\All documents\Projects\DressCode\shop\venv\Lib\site-packages\django\template\base.py", line 1075, in render
    output = self.filter_expression.resolve(context)
  File "C:\All documents\Projects\DressCode\shop\venv\Lib\site-packages\django\template\base.py", line 722, in resolve
    obj = self.var.resolve(context)
  File "C:\All documents\Projects\DressCode\shop\venv\Lib\site-packages\django\template\base.py", line 854, in resolve
    value = self._resolve_lookup(context)
  File "C:\All documents\Projects\DressCode\shop\venv\Lib\site-packages\django\template\base.py", line 901, in _resolve_lookup
    current = getattr(current, bit)
  File "C:\All documents\Projects\DressCode\shop\venv\Lib\site-packages\django\db\models\fields\files.py", line 69, in url
    self._require_file()
    ~~~~~~~~~~~~~~~~~~^^
  File "C:\All documents\Projects\DressCode\shop\venv\Lib\site-packages\django\db\models\fields\files.py", line 44, in _require_file
    raise ValueError(
        "The '%s' attribute has no file associated with it." % self.field.name
    )
ValueError: The 'image' attribute has no file associated with it.
"GET /ru/ HTTP/1.1" 500 246199
"GET /admin/ HTTP/1.1" 302 0
"GET /ru/admin/ HTTP/1.1" 200 78316
"GET /static/unfold/fonts/inter/styles.css HTTP/1.1" 304 0
"GET /static/unfold/css/simplebar/simplebar.css HTTP/1.1" 304 0
"GET /static/unfold/css/styles.css HTTP/1.1" 304 0
"GET /static/unfold/fonts/material-symbols/styles.css HTTP/1.1" 304 0
"GET /static/unfold/js/alpine/alpine.anchor.js HTTP/1.1" 304 0
"GET /static/unfold/js/htmx/htmx.js HTTP/1.1" 304 0
"GET /static/unfold/js/alpine/alpine.persist.js HTTP/1.1" 304 0
"GET /static/unfold/js/alpine/alpine.resize.js HTTP/1.1" 304 0
"GET /static/unfold/js/chart/chart.js HTTP/1.1" 304 0
"GET /static/unfold/js/alpine/alpine.sort.js HTTP/1.1" 304 0
"GET /static/unfold/js/alpine/alpine.js HTTP/1.1" 304 0
"GET /static/unfold/js/simplebar/simplebar.js HTTP/1.1" 304 0
"GET /static/unfold/js/app.js HTTP/1.1" 304 0
Internal Server Error: /ru/
Traceback (most recent call last):
  File "C:\All documents\Projects\DressCode\shop\venv\Lib\site-packages\django\template\base.py", line 890, in _resolve_lookup
    raise TypeError
TypeError

During handling of the above exception, another exception occurred:

Traceback (most recent call last):
  File "C:\All documents\Projects\DressCode\shop\venv\Lib\site-packages\django\core\handlers\exception.py", line 55, in inner
    response = get_response(request)
  File "C:\All documents\Projects\DressCode\shop\venv\Lib\site-packages\django\core\handlers\base.py", line 220, in _get_response
    response = response.render()
  File "C:\All documents\Projects\DressCode\shop\venv\Lib\site-packages\django\template\response.py", line 114, in render
    self.content = self.rendered_content
                   ^^^^^^^^^^^^^^^^^^^^^
  File "C:\All documents\Projects\DressCode\shop\venv\Lib\site-packages\django\template\response.py", line 92, in rendered_content
    return template.render(context, self._request)
           ~~~~~~~~~~~~~~~^^^^^^^^^^^^^^^^^^^^^^^^
  File "C:\All documents\Projects\DressCode\shop\venv\Lib\site-packages\django\template\backends\django.py", line 107, in render
    return self.template.render(context)
           ~~~~~~~~~~~~~~~~~~~~^^^^^^^^^
  File "C:\All documents\Projects\DressCode\shop\venv\Lib\site-packages\django\template\base.py", line 171, in render
    return self._render(context)
           ~~~~~~~~~~~~^^^^^^^^^
  File "C:\All documents\Projects\DressCode\shop\venv\Lib\site-packages\django\test\utils.py", line 114, in instrumented_test_render
    return self.nodelist.render(context)
           ~~~~~~~~~~~~~~~~~~~~^^^^^^^^^
  File "C:\All documents\Projects\DressCode\shop\venv\Lib\site-packages\django\template\base.py", line 1016, in render
    return SafeString("".join([node.render_annotated(context) for node in self]))
                               ~~~~~~~~~~~~~~~~~~~~~^^^^^^^^^
  File "C:\All documents\Projects\DressCode\shop\venv\Lib\site-packages\django\template\base.py", line 977, in render_annotated
    return self.render(context)
           ~~~~~~~~~~~^^^^^^^^^
  File "C:\All documents\Projects\DressCode\shop\venv\Lib\site-packages\django\template\loader_tags.py", line 159, in render
    return compiled_parent._render(context)
           ~~~~~~~~~~~~~~~~~~~~~~~^^^^^^^^^
  File "C:\All documents\Projects\DressCode\shop\venv\Lib\site-packages\django\test\utils.py", line 114, in instrumented_test_render
    return self.nodelist.render(context)
           ~~~~~~~~~~~~~~~~~~~~^^^^^^^^^
  File "C:\All documents\Projects\DressCode\shop\venv\Lib\site-packages\django\template\base.py", line 1016, in render
    return SafeString("".join([node.render_annotated(context) for node in self]))
                               ~~~~~~~~~~~~~~~~~~~~~^^^^^^^^^
  File "C:\All documents\Projects\DressCode\shop\venv\Lib\site-packages\django\template\base.py", line 977, in render_annotated
    return self.render(context)
           ~~~~~~~~~~~^^^^^^^^^
  File "C:\All documents\Projects\DressCode\shop\venv\Lib\site-packages\django\template\loader_tags.py", line 65, in render
    result = block.nodelist.render(context)
  File "C:\All documents\Projects\DressCode\shop\venv\Lib\site-packages\django\template\base.py", line 1016, in render
    return SafeString("".join([node.render_annotated(context) for node in self]))
                               ~~~~~~~~~~~~~~~~~~~~~^^^^^^^^^
  File "C:\All documents\Projects\DressCode\shop\venv\Lib\site-packages\django\template\base.py", line 977, in render_annotated
    return self.render(context)
           ~~~~~~~~~~~^^^^^^^^^
  File "C:\All documents\Projects\DressCode\shop\venv\Lib\site-packages\django\template\loader_tags.py", line 210, in render
    return template.render(context)
           ~~~~~~~~~~~~~~~^^^^^^^^^
  File "C:\All documents\Projects\DressCode\shop\venv\Lib\site-packages\django\template\base.py", line 173, in render
    return self._render(context)
           ~~~~~~~~~~~~^^^^^^^^^
  File "C:\All documents\Projects\DressCode\shop\venv\Lib\site-packages\django\test\utils.py", line 114, in instrumented_test_render
    return self.nodelist.render(context)
           ~~~~~~~~~~~~~~~~~~~~^^^^^^^^^
  File "C:\All documents\Projects\DressCode\shop\venv\Lib\site-packages\django\template\base.py", line 1016, in render
    return SafeString("".join([node.render_annotated(context) for node in self]))
                               ~~~~~~~~~~~~~~~~~~~~~^^^^^^^^^
  File "C:\All documents\Projects\DressCode\shop\venv\Lib\site-packages\django\template\base.py", line 977, in render_annotated
    return self.render(context)
           ~~~~~~~~~~~^^^^^^^^^
  File "C:\All documents\Projects\DressCode\shop\venv\Lib\site-packages\django\template\defaulttags.py", line 243, in render
    nodelist.append(node.render_annotated(context))
                    ~~~~~~~~~~~~~~~~~~~~~^^^^^^^^^
  File "C:\All documents\Projects\DressCode\shop\venv\Lib\site-packages\django\template\base.py", line 977, in render_annotated
    return self.render(context)
           ~~~~~~~~~~~^^^^^^^^^
  File "C:\All documents\Projects\DressCode\shop\venv\Lib\site-packages\django\template\base.py", line 1075, in render
    output = self.filter_expression.resolve(context)
  File "C:\All documents\Projects\DressCode\shop\venv\Lib\site-packages\django\template\base.py", line 722, in resolve
    obj = self.var.resolve(context)
  File "C:\All documents\Projects\DressCode\shop\venv\Lib\site-packages\django\template\base.py", line 854, in resolve
    value = self._resolve_lookup(context)
  File "C:\All documents\Projects\DressCode\shop\venv\Lib\site-packages\django\template\base.py", line 901, in _resolve_lookup
    current = getattr(current, bit)
  File "C:\All documents\Projects\DressCode\shop\venv\Lib\site-packages\django\db\models\fields\files.py", line 69, in url
    self._require_file()
    ~~~~~~~~~~~~~~~~~~^^
  File "C:\All documents\Projects\DressCode\shop\venv\Lib\site-packages\django\db\models\fields\files.py", line 44, in _require_file
    raise ValueError(
        "The '%s' attribute has no file associated with it." % self.field.name
    )
ValueError: The 'image' attribute has no file associated with it.
"GET /ru/ HTTP/1.1" 500 246199
"GET / HTTP/1.1" 302 0
Internal Server Error: /ru/
Traceback (most recent call last):
  File "C:\All documents\Projects\DressCode\shop\venv\Lib\site-packages\django\template\base.py", line 890, in _resolve_lookup
    raise TypeError
TypeError

During handling of the above exception, another exception occurred:

Traceback (most recent call last):
  File "C:\All documents\Projects\DressCode\shop\venv\Lib\site-packages\django\core\handlers\exception.py", line 55, in inner
    response = get_response(request)
  File "C:\All documents\Projects\DressCode\shop\venv\Lib\site-packages\django\core\handlers\base.py", line 220, in _get_response
    response = response.render()
  File "C:\All documents\Projects\DressCode\shop\venv\Lib\site-packages\django\template\response.py", line 114, in render
    self.content = self.rendered_content
                   ^^^^^^^^^^^^^^^^^^^^^
  File "C:\All documents\Projects\DressCode\shop\venv\Lib\site-packages\django\template\response.py", line 92, in rendered_content
    return template.render(context, self._request)
           ~~~~~~~~~~~~~~~^^^^^^^^^^^^^^^^^^^^^^^^
  File "C:\All documents\Projects\DressCode\shop\venv\Lib\site-packages\django\template\backends\django.py", line 107, in render
    return self.template.render(context)
           ~~~~~~~~~~~~~~~~~~~~^^^^^^^^^
  File "C:\All documents\Projects\DressCode\shop\venv\Lib\site-packages\django\template\base.py", line 171, in render
    return self._render(context)
           ~~~~~~~~~~~~^^^^^^^^^
  File "C:\All documents\Projects\DressCode\shop\venv\Lib\site-packages\django\test\utils.py", line 114, in instrumented_test_render
    return self.nodelist.render(context)
           ~~~~~~~~~~~~~~~~~~~~^^^^^^^^^
  File "C:\All documents\Projects\DressCode\shop\venv\Lib\site-packages\django\template\base.py", line 1016, in render
    return SafeString("".join([node.render_annotated(context) for node in self]))
                               ~~~~~~~~~~~~~~~~~~~~~^^^^^^^^^
  File "C:\All documents\Projects\DressCode\shop\venv\Lib\site-packages\django\template\base.py", line 977, in render_annotated
    return self.render(context)
           ~~~~~~~~~~~^^^^^^^^^
  File "C:\All documents\Projects\DressCode\shop\venv\Lib\site-packages\django\template\loader_tags.py", line 159, in render
    return compiled_parent._render(context)
           ~~~~~~~~~~~~~~~~~~~~~~~^^^^^^^^^
  File "C:\All documents\Projects\DressCode\shop\venv\Lib\site-packages\django\test\utils.py", line 114, in instrumented_test_render
    return self.nodelist.render(context)
           ~~~~~~~~~~~~~~~~~~~~^^^^^^^^^
  File "C:\All documents\Projects\DressCode\shop\venv\Lib\site-packages\django\template\base.py", line 1016, in render
    return SafeString("".join([node.render_annotated(context) for node in self]))
                               ~~~~~~~~~~~~~~~~~~~~~^^^^^^^^^
  File "C:\All documents\Projects\DressCode\shop\venv\Lib\site-packages\django\template\base.py", line 977, in render_annotated
    return self.render(context)
           ~~~~~~~~~~~^^^^^^^^^
  File "C:\All documents\Projects\DressCode\shop\venv\Lib\site-packages\django\template\loader_tags.py", line 65, in render
    result = block.nodelist.render(context)
  File "C:\All documents\Projects\DressCode\shop\venv\Lib\site-packages\django\template\base.py", line 1016, in render
    return SafeString("".join([node.render_annotated(context) for node in self]))
                               ~~~~~~~~~~~~~~~~~~~~~^^^^^^^^^
  File "C:\All documents\Projects\DressCode\shop\venv\Lib\site-packages\django\template\base.py", line 977, in render_annotated
    return self.render(context)
           ~~~~~~~~~~~^^^^^^^^^
  File "C:\All documents\Projects\DressCode\shop\venv\Lib\site-packages\django\template\loader_tags.py", line 210, in render
    return template.render(context)
           ~~~~~~~~~~~~~~~^^^^^^^^^
  File "C:\All documents\Projects\DressCode\shop\venv\Lib\site-packages\django\template\base.py", line 173, in render
    return self._render(context)
           ~~~~~~~~~~~~^^^^^^^^^
  File "C:\All documents\Projects\DressCode\shop\venv\Lib\site-packages\django\test\utils.py", line 114, in instrumented_test_render
    return self.nodelist.render(context)
           ~~~~~~~~~~~~~~~~~~~~^^^^^^^^^
  File "C:\All documents\Projects\DressCode\shop\venv\Lib\site-packages\django\template\base.py", line 1016, in render
    return SafeString("".join([node.render_annotated(context) for node in self]))
                               ~~~~~~~~~~~~~~~~~~~~~^^^^^^^^^
  File "C:\All documents\Projects\DressCode\shop\venv\Lib\site-packages\django\template\base.py", line 977, in render_annotated
    return self.render(context)
           ~~~~~~~~~~~^^^^^^^^^
  File "C:\All documents\Projects\DressCode\shop\venv\Lib\site-packages\django\template\defaulttags.py", line 243, in render
    nodelist.append(node.render_annotated(context))
                    ~~~~~~~~~~~~~~~~~~~~~^^^^^^^^^
  File "C:\All documents\Projects\DressCode\shop\venv\Lib\site-packages\django\template\base.py", line 977, in render_annotated
    return self.render(context)
           ~~~~~~~~~~~^^^^^^^^^
  File "C:\All documents\Projects\DressCode\shop\venv\Lib\site-packages\django\template\base.py", line 1075, in render
    output = self.filter_expression.resolve(context)
  File "C:\All documents\Projects\DressCode\shop\venv\Lib\site-packages\django\template\base.py", line 722, in resolve
    obj = self.var.resolve(context)
  File "C:\All documents\Projects\DressCode\shop\venv\Lib\site-packages\django\template\base.py", line 854, in resolve
    value = self._resolve_lookup(context)
  File "C:\All documents\Projects\DressCode\shop\venv\Lib\site-packages\django\template\base.py", line 901, in _resolve_lookup
    current = getattr(current, bit)
  File "C:\All documents\Projects\DressCode\shop\venv\Lib\site-packages\django\db\models\fields\files.py", line 69, in url
    self._require_file()
    ~~~~~~~~~~~~~~~~~~^^
  File "C:\All documents\Projects\DressCode\shop\venv\Lib\site-packages\django\db\models\fields\files.py", line 44, in _require_file
    raise ValueError(
        "The '%s' attribute has no file associated with it." % self.field.name
    )
ValueError: The 'image' attribute has no file associated with it.
"GET /ru/ HTTP/1.1" 500 246199
"GET /admin/ HTTP/1.1" 302 0
"GET /ru/admin/ HTTP/1.1" 200 78316
"GET /static/unfold/fonts/material-symbols/Material-Symbols-Outlined.woff2 HTTP/1.1" 304 0
"GET /static/unfold/fonts/inter/Inter-SemiBold.woff2 HTTP/1.1" 200 114812
"GET /static/unfold/fonts/inter/Inter-Regular.woff2 HTTP/1.1" 200 111268
Watching for file changes with StatReloader
"GET / HTTP/1.1" 302 0
Internal Server Error: /ru/
Traceback (most recent call last):
  File "C:\All documents\Projects\DressCode\shop\venv\Lib\site-packages\django\template\base.py", line 890, in _resolve_lookup
    raise TypeError
TypeError

During handling of the above exception, another exception occurred:

Traceback (most recent call last):
  File "C:\All documents\Projects\DressCode\shop\venv\Lib\site-packages\django\core\handlers\exception.py", line 55, in inner
    response = get_response(request)
  File "C:\All documents\Projects\DressCode\shop\venv\Lib\site-packages\django\core\handlers\base.py", line 220, in _get_response
    response = response.render()
  File "C:\All documents\Projects\DressCode\shop\venv\Lib\site-packages\django\template\response.py", line 114, in render
    self.content = self.rendered_content
                   ^^^^^^^^^^^^^^^^^^^^^
  File "C:\All documents\Projects\DressCode\shop\venv\Lib\site-packages\django\template\response.py", line 92, in rendered_content
    return template.render(context, self._request)
           ~~~~~~~~~~~~~~~^^^^^^^^^^^^^^^^^^^^^^^^
  File "C:\All documents\Projects\DressCode\shop\venv\Lib\site-packages\django\template\backends\django.py", line 107, in render
    return self.template.render(context)
           ~~~~~~~~~~~~~~~~~~~~^^^^^^^^^
  File "C:\All documents\Projects\DressCode\shop\venv\Lib\site-packages\django\template\base.py", line 171, in render
    return self._render(context)
           ~~~~~~~~~~~~^^^^^^^^^
  File "C:\All documents\Projects\DressCode\shop\venv\Lib\site-packages\django\test\utils.py", line 114, in instrumented_test_render
    return self.nodelist.render(context)
           ~~~~~~~~~~~~~~~~~~~~^^^^^^^^^
  File "C:\All documents\Projects\DressCode\shop\venv\Lib\site-packages\django\template\base.py", line 1016, in render
    return SafeString("".join([node.render_annotated(context) for node in self]))
                               ~~~~~~~~~~~~~~~~~~~~~^^^^^^^^^
  File "C:\All documents\Projects\DressCode\shop\venv\Lib\site-packages\django\template\base.py", line 977, in render_annotated
    return self.render(context)
           ~~~~~~~~~~~^^^^^^^^^
  File "C:\All documents\Projects\DressCode\shop\venv\Lib\site-packages\django\template\loader_tags.py", line 159, in render
    return compiled_parent._render(context)
           ~~~~~~~~~~~~~~~~~~~~~~~^^^^^^^^^
  File "C:\All documents\Projects\DressCode\shop\venv\Lib\site-packages\django\test\utils.py", line 114, in instrumented_test_render
    return self.nodelist.render(context)
           ~~~~~~~~~~~~~~~~~~~~^^^^^^^^^
  File "C:\All documents\Projects\DressCode\shop\venv\Lib\site-packages\django\template\base.py", line 1016, in render
    return SafeString("".join([node.render_annotated(context) for node in self]))
                               ~~~~~~~~~~~~~~~~~~~~~^^^^^^^^^
  File "C:\All documents\Projects\DressCode\shop\venv\Lib\site-packages\django\template\base.py", line 977, in render_annotated
    return self.render(context)
           ~~~~~~~~~~~^^^^^^^^^
  File "C:\All documents\Projects\DressCode\shop\venv\Lib\site-packages\django\template\loader_tags.py", line 65, in render
    result = block.nodelist.render(context)
  File "C:\All documents\Projects\DressCode\shop\venv\Lib\site-packages\django\template\base.py", line 1016, in render
    return SafeString("".join([node.render_annotated(context) for node in self]))
                               ~~~~~~~~~~~~~~~~~~~~~^^^^^^^^^
  File "C:\All documents\Projects\DressCode\shop\venv\Lib\site-packages\django\template\base.py", line 977, in render_annotated
    return self.render(context)
           ~~~~~~~~~~~^^^^^^^^^
  File "C:\All documents\Projects\DressCode\shop\venv\Lib\site-packages\django\template\loader_tags.py", line 210, in render
    return template.render(context)
           ~~~~~~~~~~~~~~~^^^^^^^^^
  File "C:\All documents\Projects\DressCode\shop\venv\Lib\site-packages\django\template\base.py", line 173, in render
    return self._render(context)
           ~~~~~~~~~~~~^^^^^^^^^
  File "C:\All documents\Projects\DressCode\shop\venv\Lib\site-packages\django\test\utils.py", line 114, in instrumented_test_render
    return self.nodelist.render(context)
           ~~~~~~~~~~~~~~~~~~~~^^^^^^^^^
  File "C:\All documents\Projects\DressCode\shop\venv\Lib\site-packages\django\template\base.py", line 1016, in render
    return SafeString("".join([node.render_annotated(context) for node in self]))
                               ~~~~~~~~~~~~~~~~~~~~~^^^^^^^^^
  File "C:\All documents\Projects\DressCode\shop\venv\Lib\site-packages\django\template\base.py", line 977, in render_annotated
    return self.render(context)
           ~~~~~~~~~~~^^^^^^^^^
  File "C:\All documents\Projects\DressCode\shop\venv\Lib\site-packages\django\template\defaulttags.py", line 243, in render
    nodelist.append(node.render_annotated(context))
                    ~~~~~~~~~~~~~~~~~~~~~^^^^^^^^^
  File "C:\All documents\Projects\DressCode\shop\venv\Lib\site-packages\django\template\base.py", line 977, in render_annotated
    return self.render(context)
           ~~~~~~~~~~~^^^^^^^^^
  File "C:\All documents\Projects\DressCode\shop\venv\Lib\site-packages\django\template\base.py", line 1075, in render
    output = self.filter_expression.resolve(context)
  File "C:\All documents\Projects\DressCode\shop\venv\Lib\site-packages\django\template\base.py", line 722, in resolve
    obj = self.var.resolve(context)
  File "C:\All documents\Projects\DressCode\shop\venv\Lib\site-packages\django\template\base.py", line 854, in resolve
    value = self._resolve_lookup(context)
  File "C:\All documents\Projects\DressCode\shop\venv\Lib\site-packages\django\template\base.py", line 901, in _resolve_lookup
    current = getattr(current, bit)
  File "C:\All documents\Projects\DressCode\shop\venv\Lib\site-packages\django\db\models\fields\files.py", line 69, in url
    self._require_file()
    ~~~~~~~~~~~~~~~~~~^^
  File "C:\All documents\Projects\DressCode\shop\venv\Lib\site-packages\django\db\models\fields\files.py", line 44, in _require_file
    raise ValueError(
        "The '%s' attribute has no file associated with it." % self.field.name
    )
ValueError: The 'image' attribute has no file associated with it.
"GET /ru/ HTTP/1.1" 500 246200
"GET /ru/user/profile/ HTTP/1.1" 200 43851
"GET /static/main/css/footer.css HTTP/1.1" 200 2831
"GET /static/main/css/header.css HTTP/1.1" 200 18375
"GET /static/users/css/profile.css HTTP/1.1" 200 7473
"GET /static/main/js/burger.js HTTP/1.1" 200 8406
"GET /static/users/images/default_ava.png HTTP/1.1" 200 15320
"GET /ru/user/logout/ HTTP/1.1" 302 0
Internal Server Error: /ru/
Traceback (most recent call last):
  File "C:\All documents\Projects\DressCode\shop\venv\Lib\site-packages\django\template\base.py", line 890, in _resolve_lookup
    raise TypeError
TypeError

During handling of the above exception, another exception occurred:

Traceback (most recent call last):
  File "C:\All documents\Projects\DressCode\shop\venv\Lib\site-packages\django\core\handlers\exception.py", line 55, in inner
    response = get_response(request)
  File "C:\All documents\Projects\DressCode\shop\venv\Lib\site-packages\django\core\handlers\base.py", line 220, in _get_response
    response = response.render()
  File "C:\All documents\Projects\DressCode\shop\venv\Lib\site-packages\django\template\response.py", line 114, in render
    self.content = self.rendered_content
                   ^^^^^^^^^^^^^^^^^^^^^
  File "C:\All documents\Projects\DressCode\shop\venv\Lib\site-packages\django\template\response.py", line 92, in rendered_content
    return template.render(context, self._request)
           ~~~~~~~~~~~~~~~^^^^^^^^^^^^^^^^^^^^^^^^
  File "C:\All documents\Projects\DressCode\shop\venv\Lib\site-packages\django\template\backends\django.py", line 107, in render
    return self.template.render(context)
           ~~~~~~~~~~~~~~~~~~~~^^^^^^^^^
  File "C:\All documents\Projects\DressCode\shop\venv\Lib\site-packages\django\template\base.py", line 171, in render
    return self._render(context)
           ~~~~~~~~~~~~^^^^^^^^^
  File "C:\All documents\Projects\DressCode\shop\venv\Lib\site-packages\django\test\utils.py", line 114, in instrumented_test_render
    return self.nodelist.render(context)
           ~~~~~~~~~~~~~~~~~~~~^^^^^^^^^
  File "C:\All documents\Projects\DressCode\shop\venv\Lib\site-packages\django\template\base.py", line 1016, in render
    return SafeString("".join([node.render_annotated(context) for node in self]))
                               ~~~~~~~~~~~~~~~~~~~~~^^^^^^^^^
  File "C:\All documents\Projects\DressCode\shop\venv\Lib\site-packages\django\template\base.py", line 977, in render_annotated
    return self.render(context)
           ~~~~~~~~~~~^^^^^^^^^
  File "C:\All documents\Projects\DressCode\shop\venv\Lib\site-packages\django\template\loader_tags.py", line 159, in render
    return compiled_parent._render(context)
           ~~~~~~~~~~~~~~~~~~~~~~~^^^^^^^^^
  File "C:\All documents\Projects\DressCode\shop\venv\Lib\site-packages\django\test\utils.py", line 114, in instrumented_test_render
    return self.nodelist.render(context)
           ~~~~~~~~~~~~~~~~~~~~^^^^^^^^^
  File "C:\All documents\Projects\DressCode\shop\venv\Lib\site-packages\django\template\base.py", line 1016, in render
    return SafeString("".join([node.render_annotated(context) for node in self]))
                               ~~~~~~~~~~~~~~~~~~~~~^^^^^^^^^
  File "C:\All documents\Projects\DressCode\shop\venv\Lib\site-packages\django\template\base.py", line 977, in render_annotated
    return self.render(context)
           ~~~~~~~~~~~^^^^^^^^^
  File "C:\All documents\Projects\DressCode\shop\venv\Lib\site-packages\django\template\loader_tags.py", line 65, in render
    result = block.nodelist.render(context)
  File "C:\All documents\Projects\DressCode\shop\venv\Lib\site-packages\django\template\base.py", line 1016, in render
    return SafeString("".join([node.render_annotated(context) for node in self]))
                               ~~~~~~~~~~~~~~~~~~~~~^^^^^^^^^
  File "C:\All documents\Projects\DressCode\shop\venv\Lib\site-packages\django\template\base.py", line 977, in render_annotated
    return self.render(context)
           ~~~~~~~~~~~^^^^^^^^^
  File "C:\All documents\Projects\DressCode\shop\venv\Lib\site-packages\django\template\loader_tags.py", line 210, in render
    return template.render(context)
           ~~~~~~~~~~~~~~~^^^^^^^^^
  File "C:\All documents\Projects\DressCode\shop\venv\Lib\site-packages\django\template\base.py", line 173, in render
    return self._render(context)
           ~~~~~~~~~~~~^^^^^^^^^
  File "C:\All documents\Projects\DressCode\shop\venv\Lib\site-packages\django\test\utils.py", line 114, in instrumented_test_render
    return self.nodelist.render(context)
           ~~~~~~~~~~~~~~~~~~~~^^^^^^^^^
  File "C:\All documents\Projects\DressCode\shop\venv\Lib\site-packages\django\template\base.py", line 1016, in render
    return SafeString("".join([node.render_annotated(context) for node in self]))
                               ~~~~~~~~~~~~~~~~~~~~~^^^^^^^^^
  File "C:\All documents\Projects\DressCode\shop\venv\Lib\site-packages\django\template\base.py", line 977, in render_annotated
    return self.render(context)
           ~~~~~~~~~~~^^^^^^^^^
  File "C:\All documents\Projects\DressCode\shop\venv\Lib\site-packages\django\template\defaulttags.py", line 243, in render
    nodelist.append(node.render_annotated(context))
                    ~~~~~~~~~~~~~~~~~~~~~^^^^^^^^^
  File "C:\All documents\Projects\DressCode\shop\venv\Lib\site-packages\django\template\base.py", line 977, in render_annotated
    return self.render(context)
           ~~~~~~~~~~~^^^^^^^^^
  File "C:\All documents\Projects\DressCode\shop\venv\Lib\site-packages\django\template\base.py", line 1075, in render
    output = self.filter_expression.resolve(context)
  File "C:\All documents\Projects\DressCode\shop\venv\Lib\site-packages\django\template\base.py", line 722, in resolve
    obj = self.var.resolve(context)
  File "C:\All documents\Projects\DressCode\shop\venv\Lib\site-packages\django\template\base.py", line 854, in resolve
    value = self._resolve_lookup(context)
  File "C:\All documents\Projects\DressCode\shop\venv\Lib\site-packages\django\template\base.py", line 901, in _resolve_lookup
    current = getattr(current, bit)
  File "C:\All documents\Projects\DressCode\shop\venv\Lib\site-packages\django\db\models\fields\files.py", line 69, in url
    self._require_file()
    ~~~~~~~~~~~~~~~~~~^^
  File "C:\All documents\Projects\DressCode\shop\venv\Lib\site-packages\django\db\models\fields\files.py", line 44, in _require_file
    raise ValueError(
        "The '%s' attribute has no file associated with it." % self.field.name
    )
ValueError: The 'image' attribute has no file associated with it.
"GET /ru/ HTTP/1.1" 500 246049
Not Found: /favicon.ico
"GET /favicon.ico HTTP/1.1" 404 16605
"GET /admin/ HTTP/1.1" 302 0
"GET /ru/admin/ HTTP/1.1" 302 0
"GET /ru/admin/login/?next=/ru/admin/ HTTP/1.1" 200 25541
"GET /static/unfold/fonts/inter/styles.css HTTP/1.1" 304 0
"GET /static/unfold/fonts/material-symbols/styles.css HTTP/1.1" 304 0
"GET /static/unfold/css/styles.css HTTP/1.1" 304 0
"GET /static/unfold/js/alpine/alpine.persist.js HTTP/1.1" 304 0
"GET /static/unfold/js/alpine/alpine.anchor.js HTTP/1.1" 304 0
"GET /static/unfold/css/simplebar/simplebar.css HTTP/1.1" 304 0
"GET /static/unfold/js/alpine/alpine.js HTTP/1.1" 304 0
"GET /static/unfold/js/alpine/alpine.resize.js HTTP/1.1" 304 0
"GET /static/unfold/js/alpine/alpine.sort.js HTTP/1.1" 304 0
"GET /static/unfold/js/htmx/htmx.js HTTP/1.1" 304 0
"GET /static/unfold/js/chart/chart.js HTTP/1.1" 304 0
"GET /static/unfold/js/app.js HTTP/1.1" 304 0
"GET /static/unfold/js/simplebar/simplebar.js HTTP/1.1" 304 0
"GET /static/unfold/fonts/inter/Inter-Medium.woff2 HTTP/1.1" 200 114348
Not Found: /favicon.ico
"GET /favicon.ico HTTP/1.1" 404 16606
C:\All documents\Projects\DressCode\shop\shop\settings.py changed, reloading.
Watching for file changes with StatReloader
Internal Server Error: /ru/admin/login/
Traceback (most recent call last):
  File "C:\All documents\Projects\DressCode\shop\venv\Lib\site-packages\django\core\handlers\exception.py", line 55, in inner
    response = get_response(request)
  File "C:\All documents\Projects\DressCode\shop\venv\Lib\site-packages\debug_toolbar\middleware.py", line 145, in __call__
    return self._postprocess(request, response, toolbar)
           ~~~~~~~~~~~~~~~~~^^^^^^^^^^^^^^^^^^^^^^^^^^^^
  File "C:\All documents\Projects\DressCode\shop\venv\Lib\site-packages\debug_toolbar\middleware.py", line 182, in _postprocess
    panel.generate_stats(request, response)
    ~~~~~~~~~~~~~~~~~~~~^^^^^^^^^^^^^^^^^^^
  File "C:\All documents\Projects\DressCode\shop\venv\Lib\site-packages\debug_toolbar\panels\settings.py", line 30, in generate_stats
    key: force_str(value)
         ~~~~~~~~~^^^^^^^
  File "C:\All documents\Projects\DressCode\shop\venv\Lib\site-packages\django\utils\encoding.py", line 69, in force_str
    s = str(s)
  File "C:\All documents\Projects\DressCode\shop\venv\Lib\site-packages\django\utils\functional.py", line 116, in __repr__
    return repr(self.__cast())
                ~~~~~~~~~~~^^
  File "C:\All documents\Projects\DressCode\shop\venv\Lib\site-packages\django\utils\functional.py", line 110, in __cast
    return func(*self._args, **self._kw)
  File "C:\All documents\Projects\DressCode\shop\venv\Lib\site-packages\django\urls\base.py", line 98, in reverse
    resolved_url = resolver._reverse_with_prefix(view, prefix, *args, **kwargs)
  File "C:\All documents\Projects\DressCode\shop\venv\Lib\site-packages\django\urls\resolvers.py", line 831, in _reverse_with_prefix
    raise NoReverseMatch(msg)
django.urls.exceptions.NoReverseMatch: Reverse for 'auth_user_changelist' not found. 'auth_user_changelist' is not a valid view function or pattern name.
"GET /ru/admin/login/?next=/ru/admin/ HTTP/1.1" 500 100619
Internal Server Error: /admin/
Traceback (most recent call last):
  File "C:\All documents\Projects\DressCode\shop\venv\Lib\site-packages\django\core\handlers\exception.py", line 55, in inner
    response = get_response(request)
  File "C:\All documents\Projects\DressCode\shop\venv\Lib\site-packages\debug_toolbar\middleware.py", line 145, in __call__
    return self._postprocess(request, response, toolbar)
           ~~~~~~~~~~~~~~~~~^^^^^^^^^^^^^^^^^^^^^^^^^^^^
  File "C:\All documents\Projects\DressCode\shop\venv\Lib\site-packages\debug_toolbar\middleware.py", line 182, in _postprocess
    panel.generate_stats(request, response)
    ~~~~~~~~~~~~~~~~~~~~^^^^^^^^^^^^^^^^^^^
  File "C:\All documents\Projects\DressCode\shop\venv\Lib\site-packages\debug_toolbar\panels\settings.py", line 30, in generate_stats
    key: force_str(value)
         ~~~~~~~~~^^^^^^^
  File "C:\All documents\Projects\DressCode\shop\venv\Lib\site-packages\django\utils\encoding.py", line 69, in force_str
    s = str(s)
  File "C:\All documents\Projects\DressCode\shop\venv\Lib\site-packages\django\utils\functional.py", line 116, in __repr__
    return repr(self.__cast())
                ~~~~~~~~~~~^^
  File "C:\All documents\Projects\DressCode\shop\venv\Lib\site-packages\django\utils\functional.py", line 110, in __cast
    return func(*self._args, **self._kw)
  File "C:\All documents\Projects\DressCode\shop\venv\Lib\site-packages\django\urls\base.py", line 98, in reverse
    resolved_url = resolver._reverse_with_prefix(view, prefix, *args, **kwargs)
  File "C:\All documents\Projects\DressCode\shop\venv\Lib\site-packages\django\urls\resolvers.py", line 831, in _reverse_with_prefix
    raise NoReverseMatch(msg)
django.urls.exceptions.NoReverseMatch: Reverse for 'auth_user_changelist' not found. 'auth_user_changelist' is not a valid view function or pattern name.
"GET /admin/ HTTP/1.1" 500 99866
Internal Server Error: /admin/
Traceback (most recent call last):
  File "C:\All documents\Projects\DressCode\shop\venv\Lib\site-packages\django\core\handlers\exception.py", line 55, in inner
    response = get_response(request)
  File "C:\All documents\Projects\DressCode\shop\venv\Lib\site-packages\debug_toolbar\middleware.py", line 145, in __call__
    return self._postprocess(request, response, toolbar)
           ~~~~~~~~~~~~~~~~~^^^^^^^^^^^^^^^^^^^^^^^^^^^^
  File "C:\All documents\Projects\DressCode\shop\venv\Lib\site-packages\debug_toolbar\middleware.py", line 182, in _postprocess
    panel.generate_stats(request, response)
    ~~~~~~~~~~~~~~~~~~~~^^^^^^^^^^^^^^^^^^^
  File "C:\All documents\Projects\DressCode\shop\venv\Lib\site-packages\debug_toolbar\panels\settings.py", line 30, in generate_stats
    key: force_str(value)
         ~~~~~~~~~^^^^^^^
  File "C:\All documents\Projects\DressCode\shop\venv\Lib\site-packages\django\utils\encoding.py", line 69, in force_str
    s = str(s)
  File "C:\All documents\Projects\DressCode\shop\venv\Lib\site-packages\django\utils\functional.py", line 116, in __repr__
    return repr(self.__cast())
                ~~~~~~~~~~~^^
  File "C:\All documents\Projects\DressCode\shop\venv\Lib\site-packages\django\utils\functional.py", line 110, in __cast
    return func(*self._args, **self._kw)
  File "C:\All documents\Projects\DressCode\shop\venv\Lib\site-packages\django\urls\base.py", line 98, in reverse
    resolved_url = resolver._reverse_with_prefix(view, prefix, *args, **kwargs)
  File "C:\All documents\Projects\DressCode\shop\venv\Lib\site-packages\django\urls\resolvers.py", line 831, in _reverse_with_prefix
    raise NoReverseMatch(msg)
django.urls.exceptions.NoReverseMatch: Reverse for 'auth_user_changelist' not found. 'auth_user_changelist' is not a valid view function or pattern name.
"GET /admin/ HTTP/1.1" 500 99866
Internal Server Error: /admin/
Traceback (most recent call last):
  File "C:\All documents\Projects\DressCode\shop\venv\Lib\site-packages\django\core\handlers\exception.py", line 55, in inner
    response = get_response(request)
  File "C:\All documents\Projects\DressCode\shop\venv\Lib\site-packages\debug_toolbar\middleware.py", line 145, in __call__
    return self._postprocess(request, response, toolbar)
           ~~~~~~~~~~~~~~~~~^^^^^^^^^^^^^^^^^^^^^^^^^^^^
  File "C:\All documents\Projects\DressCode\shop\venv\Lib\site-packages\debug_toolbar\middleware.py", line 182, in _postprocess
    panel.generate_stats(request, response)
    ~~~~~~~~~~~~~~~~~~~~^^^^^^^^^^^^^^^^^^^
  File "C:\All documents\Projects\DressCode\shop\venv\Lib\site-packages\debug_toolbar\panels\settings.py", line 30, in generate_stats
    key: force_str(value)
         ~~~~~~~~~^^^^^^^
  File "C:\All documents\Projects\DressCode\shop\venv\Lib\site-packages\django\utils\encoding.py", line 69, in force_str
    s = str(s)
  File "C:\All documents\Projects\DressCode\shop\venv\Lib\site-packages\django\utils\functional.py", line 116, in __repr__
    return repr(self.__cast())
                ~~~~~~~~~~~^^
  File "C:\All documents\Projects\DressCode\shop\venv\Lib\site-packages\django\utils\functional.py", line 110, in __cast
    return func(*self._args, **self._kw)
  File "C:\All documents\Projects\DressCode\shop\venv\Lib\site-packages\django\urls\base.py", line 98, in reverse
    resolved_url = resolver._reverse_with_prefix(view, prefix, *args, **kwargs)
  File "C:\All documents\Projects\DressCode\shop\venv\Lib\site-packages\django\urls\resolvers.py", line 831, in _reverse_with_prefix
    raise NoReverseMatch(msg)
django.urls.exceptions.NoReverseMatch: Reverse for 'auth_user_changelist' not found. 'auth_user_changelist' is not a valid view function or pattern name.
"GET /admin/ HTTP/1.1" 500 99866
C:\All documents\Projects\DressCode\shop\shop\settings.py changed, reloading.
Watching for file changes with StatReloader
"GET /admin/ HTTP/1.1" 302 0
"GET /ru/admin/ HTTP/1.1" 302 0
"GET /ru/admin/login/?next=/ru/admin/ HTTP/1.1" 200 23066
"GET /static/unfold/fonts/inter/styles.css HTTP/1.1" 304 0
"GET /static/unfold/css/simplebar/simplebar.css HTTP/1.1" 304 0
"GET /static/unfold/fonts/material-symbols/styles.css HTTP/1.1" 304 0
"GET /static/unfold/css/styles.css HTTP/1.1" 304 0
"GET /static/unfold/js/alpine/alpine.anchor.js HTTP/1.1" 304 0
"GET /static/unfold/js/alpine/alpine.resize.js HTTP/1.1" 304 0
"GET /static/unfold/js/alpine/alpine.js HTTP/1.1" 304 0
"GET /static/unfold/js/htmx/htmx.js HTTP/1.1" 304 0
"GET /static/unfold/js/chart/chart.js HTTP/1.1" 304 0
"GET /static/unfold/js/alpine/alpine.persist.js HTTP/1.1" 304 0
"GET /static/unfold/js/app.js HTTP/1.1" 304 0
"GET /static/unfold/js/alpine/alpine.sort.js HTTP/1.1" 304 0
"GET /static/unfold/js/simplebar/simplebar.js HTTP/1.1" 304 0
"GET /static/unfold/fonts/inter/Inter-Medium.woff2 HTTP/1.1" 304 0
"GET /static/unfold/fonts/material-symbols/Material-Symbols-Outlined.woff2 HTTP/1.1" 304 0
"GET /static/unfold/fonts/inter/Inter-SemiBold.woff2 HTTP/1.1" 200 114812
"POST /ru/admin/login/?next=/ru/admin/ HTTP/1.1" 302 0
"GET /ru/admin/ HTTP/1.1" 200 72561
"GET /static/unfold/fonts/inter/Inter-Regular.woff2 HTTP/1.1" 200 111268
Not Found: /ru/admin/icon.svg
"GET /ru/admin/icon.svg HTTP/1.1" 404 25250
Not Found: /favicon.ico
"GET /favicon.ico HTTP/1.1" 404 16606
"GET /ru/admin/ HTTP/1.1" 200 72561
Not Found: /ru/admin/icon.svg
"GET /ru/admin/icon.svg HTTP/1.1" 404 25250
"GET /ru/admin/main/brand/add/ HTTP/1.1" 200 47899
"GET /static/admin/js/admin/RelatedObjectLookups.js HTTP/1.1" 304 0
"GET /ru/admin/main/brand/add/icon.svg HTTP/1.1" 301 0
"GET /ru/admin/jsi18n/ HTTP/1.1" 200 17546
"GET /ru/admin/main/brand/add/icon.svg/ HTTP/1.1" 302 0
"GET /ru/admin/main/brand/add/icon.svg/change/ HTTP/1.1" 302 0
"GET /ru/admin/ HTTP/1.1" 200 72992
"GET /ru/admin/ HTTP/1.1" 200 72561
"GET /ru/admin/toggle-sidebar/ HTTP/1.1" 200 0
"GET /__debug__/history_sidebar/?request_id=bbeeece9db58464bab2e0d79bec6735d HTTP/1.1" 200 13208
"GET /ru/admin/toggle-sidebar/ HTTP/1.1" 200 0
"GET /__debug__/history_sidebar/?request_id=ba32ca9a9b7540eeb3f1626ac80e63b8 HTTP/1.1" 200 13208
"GET /ru/admin/ HTTP/1.1" 302 0
"GET /ru/admin/login/?next=/ru/admin/ HTTP/1.1" 200 23064
"GET /static/unfold/fonts/inter/styles.css HTTP/1.1" 200 608
"GET /static/unfold/css/simplebar/simplebar.css HTTP/1.1" 200 4647
"GET /static/unfold/fonts/material-symbols/styles.css HTTP/1.1" 200 164
"GET /static/unfold/js/alpine/alpine.anchor.js HTTP/1.1" 200 15524
"GET /static/unfold/js/alpine/alpine.persist.js HTTP/1.1" 200 837
"GET /static/unfold/js/alpine/alpine.resize.js HTTP/1.1" 200 703
"GET /static/unfold/js/htmx/htmx.js HTTP/1.1" 200 50918
"GET /static/unfold/css/styles.css HTTP/1.1" 200 159921
"GET /static/unfold/js/alpine/alpine.sort.js HTTP/1.1" 200 37891
"GET /static/unfold/js/alpine/alpine.js HTTP/1.1" 200 44758
"GET /static/unfold/js/simplebar/simplebar.js HTTP/1.1" 200 27176
"GET /static/unfold/js/app.js HTTP/1.1" 200 13454
"GET /static/debug_toolbar/css/toolbar.css HTTP/1.1" 200 29468
"GET /static/debug_toolbar/js/toolbar.js HTTP/1.1" 200 14879
"GET /static/unfold/js/chart/chart.js HTTP/1.1" 200 200633
"GET /static/debug_toolbar/js/utils.js HTTP/1.1" 200 4700
"GET /static/debug_toolbar/css/print.css HTTP/1.1" 200 43
"GET /static/unfold/fonts/inter/Inter-SemiBold.woff2 HTTP/1.1" 200 114812
"GET /static/unfold/fonts/inter/Inter-Medium.woff2 HTTP/1.1" 200 114348
"GET /static/unfold/fonts/material-symbols/Material-Symbols-Outlined.woff2 HTTP/1.1" 200 274228
"GET /static/unfold/fonts/inter/Inter-Regular.woff2 HTTP/1.1" 200 111268
Not Found: /favicon.ico
"GET /favicon.ico HTTP/1.1" 404 16606
"POST /ru/admin/login/?next=/ru/admin/ HTTP/1.1" 302 0
"GET /ru/admin/ HTTP/1.1" 200 72561
Not Found: /ru/admin/icon.svg
"GET /ru/admin/icon.svg HTTP/1.1" 404 25250
Not Found: /favicon.ico
"GET /favicon.ico HTTP/1.1" 404 16606
C:\All documents\Projects\DressCode\shop\shop\settings.py changed, reloading.
Watching for file changes with StatReloader
"GET /ru/admin/ HTTP/1.1" 200 78317
C:\All documents\Projects\DressCode\shop\shop\settings.py changed, reloading.
Watching for file changes with StatReloader
"GET /ru/admin/ HTTP/1.1" 200 75906
"GET /static/unfold/fonts/inter/styles.css HTTP/1.1" 304 0
"GET /static/unfold/css/simplebar/simplebar.css HTTP/1.1" 304 0
"GET /static/unfold/fonts/material-symbols/styles.css HTTP/1.1" 304 0
"GET /static/unfold/css/styles.css HTTP/1.1" 304 0
"GET /static/unfold/js/alpine/alpine.resize.js HTTP/1.1" 304 0
"GET /static/unfold/js/htmx/htmx.js HTTP/1.1" 304 0
"GET /static/unfold/js/alpine/alpine.anchor.js HTTP/1.1" 304 0
"GET /static/unfold/js/alpine/alpine.persist.js HTTP/1.1" 304 0
"GET /static/unfold/js/chart/chart.js HTTP/1.1" 304 0
"GET /static/unfold/js/simplebar/simplebar.js HTTP/1.1" 304 0
"GET /static/unfold/js/alpine/alpine.js HTTP/1.1" 304 0
"GET /static/unfold/js/app.js HTTP/1.1" 304 0
"GET /static/unfold/js/alpine/alpine.sort.js HTTP/1.1" 304 0
C:\All documents\Projects\DressCode\shop\shop\settings.py changed, reloading.
Watching for file changes with StatReloader
"GET /ru/admin/ HTTP/1.1" 200 77912
"GET /static/unfold/fonts/inter/Inter-Medium.woff2 HTTP/1.1" 304 0
"GET /ru/admin/ HTTP/1.1" 200 77911
"GET /ru/admin/ HTTP/1.1" 200 77911
"GET /ru/admin/search/?s=%D1%84%D0%B2 HTTP/1.1" 200 1
"GET /__debug__/history_sidebar/?request_id=a386da48cf6249858a921a14aebd800c HTTP/1.1" 200 13260
"GET /ru/admin/search/?s= HTTP/1.1" 200 0
"GET /__debug__/history_sidebar/?request_id=2ffff5793468446a83093837d8a47c83 HTTP/1.1" 200 13195
"GET /ru/admin/orders/order/ HTTP/1.1" 200 235205
"GET /static/admin/js/jquery.init.js HTTP/1.1" 200 347
"GET /static/admin/js/core.js HTTP/1.1" 200 6208
"GET /static/admin/js/admin/RelatedObjectLookups.js HTTP/1.1" 200 9222
"GET /static/admin/js/prepopulate.js HTTP/1.1" 200 1531
"GET /static/admin/js/actions.js HTTP/1.1" 200 8076
"GET /static/admin/js/urlify.js HTTP/1.1" 200 7887
"GET /static/admin/js/vendor/xregexp/xregexp.js HTTP/1.1" 200 325171
"GET /static/admin/js/vendor/jquery/jquery.js HTTP/1.1" 200 285314
"GET /ru/admin/jsi18n/ HTTP/1.1" 200 17546
"GET /ru/admin/orders/order/add/ HTTP/1.1" 200 79921
"GET /static/admin/js/inlines.js HTTP/1.1" 200 16222
"GET /static/admin/js/change_form.js HTTP/1.1" 200 606
"GET /static/admin/js/prepopulate_init.js HTTP/1.1" 200 586
"GET /ru/admin/jsi18n/ HTTP/1.1" 200 17546
"GET /static/admin/img/icon-changelink.svg HTTP/1.1" 200 380
"GET /static/admin/img/icon-viewlink.svg HTTP/1.1" 200 581
"GET /static/admin/img/icon-addlink.svg HTTP/1.1" 200 331
Watching for file changes with StatReloader
"GET / HTTP/1.1" 302 0
Internal Server Error: /ru/
Traceback (most recent call last):
  File "C:\All documents\Projects\DressCode\shop\venv\Lib\site-packages\django\template\base.py", line 890, in _resolve_lookup
    raise TypeError
TypeError

During handling of the above exception, another exception occurred:

Traceback (most recent call last):
  File "C:\All documents\Projects\DressCode\shop\venv\Lib\site-packages\django\core\handlers\exception.py", line 55, in inner
    response = get_response(request)
  File "C:\All documents\Projects\DressCode\shop\venv\Lib\site-packages\django\core\handlers\base.py", line 220, in _get_response
    response = response.render()
  File "C:\All documents\Projects\DressCode\shop\venv\Lib\site-packages\django\template\response.py", line 114, in render
    self.content = self.rendered_content
                   ^^^^^^^^^^^^^^^^^^^^^
  File "C:\All documents\Projects\DressCode\shop\venv\Lib\site-packages\django\template\response.py", line 92, in rendered_content
    return template.render(context, self._request)
           ~~~~~~~~~~~~~~~^^^^^^^^^^^^^^^^^^^^^^^^
  File "C:\All documents\Projects\DressCode\shop\venv\Lib\site-packages\django\template\backends\django.py", line 107, in render
    return self.template.render(context)
           ~~~~~~~~~~~~~~~~~~~~^^^^^^^^^
  File "C:\All documents\Projects\DressCode\shop\venv\Lib\site-packages\django\template\base.py", line 171, in render
    return self._render(context)
           ~~~~~~~~~~~~^^^^^^^^^
  File "C:\All documents\Projects\DressCode\shop\venv\Lib\site-packages\django\test\utils.py", line 114, in instrumented_test_render
    return self.nodelist.render(context)
           ~~~~~~~~~~~~~~~~~~~~^^^^^^^^^
  File "C:\All documents\Projects\DressCode\shop\venv\Lib\site-packages\django\template\base.py", line 1016, in render
    return SafeString("".join([node.render_annotated(context) for node in self]))
                               ~~~~~~~~~~~~~~~~~~~~~^^^^^^^^^
  File "C:\All documents\Projects\DressCode\shop\venv\Lib\site-packages\django\template\base.py", line 977, in render_annotated
    return self.render(context)
           ~~~~~~~~~~~^^^^^^^^^
  File "C:\All documents\Projects\DressCode\shop\venv\Lib\site-packages\django\template\loader_tags.py", line 159, in render
    return compiled_parent._render(context)
           ~~~~~~~~~~~~~~~~~~~~~~~^^^^^^^^^
  File "C:\All documents\Projects\DressCode\shop\venv\Lib\site-packages\django\test\utils.py", line 114, in instrumented_test_render
    return self.nodelist.render(context)
           ~~~~~~~~~~~~~~~~~~~~^^^^^^^^^
  File "C:\All documents\Projects\DressCode\shop\venv\Lib\site-packages\django\template\base.py", line 1016, in render
    return SafeString("".join([node.render_annotated(context) for node in self]))
                               ~~~~~~~~~~~~~~~~~~~~~^^^^^^^^^
  File "C:\All documents\Projects\DressCode\shop\venv\Lib\site-packages\django\template\base.py", line 977, in render_annotated
    return self.render(context)
           ~~~~~~~~~~~^^^^^^^^^
  File "C:\All documents\Projects\DressCode\shop\venv\Lib\site-packages\django\template\loader_tags.py", line 65, in render
    result = block.nodelist.render(context)
  File "C:\All documents\Projects\DressCode\shop\venv\Lib\site-packages\django\template\base.py", line 1016, in render
    return SafeString("".join([node.render_annotated(context) for node in self]))
                               ~~~~~~~~~~~~~~~~~~~~~^^^^^^^^^
  File "C:\All documents\Projects\DressCode\shop\venv\Lib\site-packages\django\template\base.py", line 977, in render_annotated
    return self.render(context)
           ~~~~~~~~~~~^^^^^^^^^
  File "C:\All documents\Projects\DressCode\shop\venv\Lib\site-packages\django\template\loader_tags.py", line 210, in render
    return template.render(context)
           ~~~~~~~~~~~~~~~^^^^^^^^^
  File "C:\All documents\Projects\DressCode\shop\venv\Lib\site-packages\django\template\base.py", line 173, in render
    return self._render(context)
           ~~~~~~~~~~~~^^^^^^^^^
  File "C:\All documents\Projects\DressCode\shop\venv\Lib\site-packages\django\test\utils.py", line 114, in instrumented_test_render
    return self.nodelist.render(context)
           ~~~~~~~~~~~~~~~~~~~~^^^^^^^^^
  File "C:\All documents\Projects\DressCode\shop\venv\Lib\site-packages\django\template\base.py", line 1016, in render
    return SafeString("".join([node.render_annotated(context) for node in self]))
                               ~~~~~~~~~~~~~~~~~~~~~^^^^^^^^^
  File "C:\All documents\Projects\DressCode\shop\venv\Lib\site-packages\django\template\base.py", line 977, in render_annotated
    return self.render(context)
           ~~~~~~~~~~~^^^^^^^^^
  File "C:\All documents\Projects\DressCode\shop\venv\Lib\site-packages\django\template\defaulttags.py", line 243, in render
    nodelist.append(node.render_annotated(context))
                    ~~~~~~~~~~~~~~~~~~~~~^^^^^^^^^
  File "C:\All documents\Projects\DressCode\shop\venv\Lib\site-packages\django\template\base.py", line 977, in render_annotated
    return self.render(context)
           ~~~~~~~~~~~^^^^^^^^^
  File "C:\All documents\Projects\DressCode\shop\venv\Lib\site-packages\django\template\base.py", line 1075, in render
    output = self.filter_expression.resolve(context)
  File "C:\All documents\Projects\DressCode\shop\venv\Lib\site-packages\django\template\base.py", line 722, in resolve
    obj = self.var.resolve(context)
  File "C:\All documents\Projects\DressCode\shop\venv\Lib\site-packages\django\template\base.py", line 854, in resolve
    value = self._resolve_lookup(context)
  File "C:\All documents\Projects\DressCode\shop\venv\Lib\site-packages\django\template\base.py", line 901, in _resolve_lookup
    current = getattr(current, bit)
  File "C:\All documents\Projects\DressCode\shop\venv\Lib\site-packages\django\db\models\fields\files.py", line 69, in url
    self._require_file()
    ~~~~~~~~~~~~~~~~~~^^
  File "C:\All documents\Projects\DressCode\shop\venv\Lib\site-packages\django\db\models\fields\files.py", line 44, in _require_file
    raise ValueError(
        "The '%s' attribute has no file associated with it." % self.field.name
    )
ValueError: The 'image' attribute has no file associated with it.
"GET /ru/ HTTP/1.1" 500 247278
"GET /admin/ HTTP/1.1" 302 0
"GET /ru/admin/ HTTP/1.1" 200 77911
"GET /static/unfold/fonts/inter/styles.css HTTP/1.1" 304 0
"GET /static/unfold/fonts/material-symbols/styles.css HTTP/1.1" 304 0
"GET /static/unfold/css/styles.css HTTP/1.1" 304 0
"GET /static/unfold/css/simplebar/simplebar.css HTTP/1.1" 304 0
"GET /static/unfold/js/alpine/alpine.anchor.js HTTP/1.1" 304 0
"GET /static/unfold/js/alpine/alpine.persist.js HTTP/1.1" 304 0
"GET /static/unfold/js/chart/chart.js HTTP/1.1" 304 0
"GET /static/unfold/js/alpine/alpine.js HTTP/1.1" 304 0
"GET /static/unfold/js/alpine/alpine.resize.js HTTP/1.1" 304 0
"GET /static/unfold/js/htmx/htmx.js HTTP/1.1" 304 0
"GET /static/unfold/js/app.js HTTP/1.1" 304 0
"GET /static/unfold/js/alpine/alpine.sort.js HTTP/1.1" 304 0
"GET /static/unfold/js/simplebar/simplebar.js HTTP/1.1" 304 0
"GET /static/unfold/fonts/material-symbols/Material-Symbols-Outlined.woff2 HTTP/1.1" 304 0
"GET /static/unfold/fonts/inter/Inter-SemiBold.woff2 HTTP/1.1" 200 114812
"GET /static/unfold/fonts/inter/Inter-Regular.woff2 HTTP/1.1" 200 111268
"GET /static/unfold/fonts/inter/Inter-Medium.woff2 HTTP/1.1" 200 114348
"GET /ru/admin/comments/comment/ HTTP/1.1" 200 62530
"GET /static/admin/js/admin/RelatedObjectLookups.js HTTP/1.1" 304 0
- Broken pipe from ('127.0.0.1', 55653)
- Broken pipe from ('127.0.0.1', 55654)
- Broken pipe from ('127.0.0.1', 55651)
"GET /ru/admin/jsi18n/ HTTP/1.1" 200 17546
C:\All documents\Projects\DressCode\shop\shop\settings.py changed, reloading.
Watching for file changes with StatReloader
"GET /ru/admin/comments/comment/ HTTP/1.1" 200 62485
"GET /ru/admin/comments/comment/images/logo.png HTTP/1.1" 301 0
"GET /ru/admin/jsi18n/ HTTP/1.1" 200 17546
"GET /ru/admin/comments/comment/images/logo.png/ HTTP/1.1" 302 0
Not Found: /favicon.ico
- Broken pipe from ('127.0.0.1', 55740)
"GET /ru/admin/comments/comment/images/logo.png/change/ HTTP/1.1" 302 0
"GET /ru/admin/ HTTP/1.1" 200 78301
C:\All documents\Projects\DressCode\shop\shop\settings.py changed, reloading.
Watching for file changes with StatReloader
"GET /ru/admin/comments/comment/ HTTP/1.1" 200 62490
"GET /ru/admin/jsi18n/ HTTP/1.1" 200 17546
"GET /ru/admin/comments/comment/main/images/logo.png HTTP/1.1" 301 0
"GET /ru/admin/comments/comment/main/images/logo.png/ HTTP/1.1" 302 0
"GET /ru/admin/comments/comment/main/images/logo.png/change/ HTTP/1.1" 302 0
"GET /ru/admin/ HTTP/1.1" 200 78311
"GET /ru/admin/comments/comment/ HTTP/1.1" 200 62489
"GET /ru/admin/jsi18n/ HTTP/1.1" 200 17546
"GET /ru/admin/comments/comment/main/images/logo.png HTTP/1.1" 301 0
"GET /ru/admin/comments/comment/main/images/logo.png/ HTTP/1.1" 302 0
"GET /ru/admin/comments/comment/main/images/logo.png/change/ HTTP/1.1" 302 0
"GET /ru/admin/ HTTP/1.1" 200 78311
C:\All documents\Projects\DressCode\shop\shop\settings.py changed, reloading.
Watching for file changes with StatReloader
"GET /ru/admin/comments/comment/ HTTP/1.1" 200 62494
"GET /ru/admin/jsi18n/ HTTP/1.1" 200 17546
"GET /ru/admin/comments/comment/app/main/images/logo.png HTTP/1.1" 301 0
"GET /ru/admin/comments/comment/app/main/images/logo.png/ HTTP/1.1" 302 0
"GET /ru/admin/comments/comment/app/main/images/logo.png/change/ HTTP/1.1" 302 0
"GET /ru/admin/ HTTP/1.1" 200 78319
"GET /ru/admin/comments/comment/ HTTP/1.1" 200 62493
"GET /ru/admin/jsi18n/ HTTP/1.1" 200 17546
"GET /ru/admin/comments/comment/app/main/images/logo.png HTTP/1.1" 301 0
"GET /ru/admin/comments/comment/app/main/images/logo.png/ HTTP/1.1" 302 0
"GET /ru/admin/comments/comment/app/main/images/logo.png/change/ HTTP/1.1" 302 0
"GET /ru/admin/ HTTP/1.1" 200 78319
C:\All documents\Projects\DressCode\shop\shop\settings.py changed, reloading.
Watching for file changes with StatReloader
"GET /ru/admin/comments/comment/ HTTP/1.1" 200 62507
"GET /ru/admin/jsi18n/ HTTP/1.1" 200 17546
- Broken pipe from ('127.0.0.1', 55830)
- Broken pipe from ('127.0.0.1', 55827)
"GET /ru/admin/comments/comment/apps/main/static/main/images/logo.png HTTP/1.1" 301 0
"GET /ru/admin/comments/comment/apps/main/static/main/images/logo.png/ HTTP/1.1" 302 0
"GET /ru/admin/comments/comment/apps/main/static/main/images/logo.png/change/ HTTP/1.1" 302 0
"GET /ru/admin/ HTTP/1.1" 200 78345
"GET /ru/admin/main/product/ HTTP/1.1" 200 100580
"GET /ru/admin/jsi18n/ HTTP/1.1" 200 17546
"GET /ru/admin/main/product/apps/main/static/main/images/logo.png HTTP/1.1" 301 0
"GET /media/product/2025/08/22/Alright-Hoodie-BL-F.webp HTTP/1.1" 200 37506
"GET /ru/admin/main/product/apps/main/static/main/images/logo.png/ HTTP/1.1" 302 0
"GET /ru/admin/main/product/apps/main/static/main/images/logo.png/change/ HTTP/1.1" 302 0
"GET /ru/admin/ HTTP/1.1" 200 78345
"GET /ru/admin/main/product/2/change/ HTTP/1.1" 200 98739
- Broken pipe from ('127.0.0.1', 55840)
"GET /static/admin/js/inlines.js HTTP/1.1" 200 16222
"GET /ru/admin/jsi18n/ HTTP/1.1" 200 17546
"GET /static/admin/img/icon-viewlink.svg HTTP/1.1" 200 581
"GET /static/admin/img/icon-changelink.svg HTTP/1.1" 200 380
"GET /static/admin/img/icon-addlink.svg HTTP/1.1" 200 331
"GET /ru/admin/main/product/2/change/apps/main/static/main/images/logo.png HTTP/1.1" 301 0
"GET /ru/admin/main/product/2/change/apps/main/static/main/images/logo.png/ HTTP/1.1" 302 0
"GET /ru/admin/main/product/2/change/apps/main/static/main/images/logo.png/change/ HTTP/1.1" 302 0
"GET /ru/admin/ HTTP/1.1" 200 78354
"POST /ru/admin/main/product/2/change/ HTTP/1.1" 302 0
"GET /ru/admin/main/product/2/change/ HTTP/1.1" 200 99266
"GET /ru/admin/jsi18n/ HTTP/1.1" 200 17546
"GET /ru/admin/main/product/2/change/apps/main/static/main/images/logo.png HTTP/1.1" 301 0
"GET /ru/admin/main/product/2/change/apps/main/static/main/images/logo.png/ HTTP/1.1" 302 0
"GET /ru/admin/main/product/2/change/apps/main/static/main/images/logo.png/change/ HTTP/1.1" 302 0
"GET /ru/admin/ HTTP/1.1" 200 78359
"GET / HTTP/1.1" 302 0
Internal Server Error: /ru/
Traceback (most recent call last):
  File "C:\All documents\Projects\DressCode\shop\venv\Lib\site-packages\django\template\base.py", line 890, in _resolve_lookup
    raise TypeError
TypeError

During handling of the above exception, another exception occurred:

Traceback (most recent call last):
  File "C:\All documents\Projects\DressCode\shop\venv\Lib\site-packages\django\core\handlers\exception.py", line 55, in inner
    response = get_response(request)
  File "C:\All documents\Projects\DressCode\shop\venv\Lib\site-packages\django\core\handlers\base.py", line 220, in _get_response
    response = response.render()
  File "C:\All documents\Projects\DressCode\shop\venv\Lib\site-packages\django\template\response.py", line 114, in render
    self.content = self.rendered_content
                   ^^^^^^^^^^^^^^^^^^^^^
  File "C:\All documents\Projects\DressCode\shop\venv\Lib\site-packages\django\template\response.py", line 92, in rendered_content
    return template.render(context, self._request)
           ~~~~~~~~~~~~~~~^^^^^^^^^^^^^^^^^^^^^^^^
  File "C:\All documents\Projects\DressCode\shop\venv\Lib\site-packages\django\template\backends\django.py", line 107, in render
    return self.template.render(context)
           ~~~~~~~~~~~~~~~~~~~~^^^^^^^^^
  File "C:\All documents\Projects\DressCode\shop\venv\Lib\site-packages\django\template\base.py", line 171, in render
    return self._render(context)
           ~~~~~~~~~~~~^^^^^^^^^
  File "C:\All documents\Projects\DressCode\shop\venv\Lib\site-packages\django\test\utils.py", line 114, in instrumented_test_render
    return self.nodelist.render(context)
           ~~~~~~~~~~~~~~~~~~~~^^^^^^^^^
  File "C:\All documents\Projects\DressCode\shop\venv\Lib\site-packages\django\template\base.py", line 1016, in render
    return SafeString("".join([node.render_annotated(context) for node in self]))
                               ~~~~~~~~~~~~~~~~~~~~~^^^^^^^^^
  File "C:\All documents\Projects\DressCode\shop\venv\Lib\site-packages\django\template\base.py", line 977, in render_annotated
    return self.render(context)
           ~~~~~~~~~~~^^^^^^^^^
  File "C:\All documents\Projects\DressCode\shop\venv\Lib\site-packages\django\template\loader_tags.py", line 159, in render
    return compiled_parent._render(context)
           ~~~~~~~~~~~~~~~~~~~~~~~^^^^^^^^^
  File "C:\All documents\Projects\DressCode\shop\venv\Lib\site-packages\django\test\utils.py", line 114, in instrumented_test_render
    return self.nodelist.render(context)
           ~~~~~~~~~~~~~~~~~~~~^^^^^^^^^
  File "C:\All documents\Projects\DressCode\shop\venv\Lib\site-packages\django\template\base.py", line 1016, in render
    return SafeString("".join([node.render_annotated(context) for node in self]))
                               ~~~~~~~~~~~~~~~~~~~~~^^^^^^^^^
  File "C:\All documents\Projects\DressCode\shop\venv\Lib\site-packages\django\template\base.py", line 977, in render_annotated
    return self.render(context)
           ~~~~~~~~~~~^^^^^^^^^
  File "C:\All documents\Projects\DressCode\shop\venv\Lib\site-packages\django\template\loader_tags.py", line 65, in render
    result = block.nodelist.render(context)
  File "C:\All documents\Projects\DressCode\shop\venv\Lib\site-packages\django\template\base.py", line 1016, in render
    return SafeString("".join([node.render_annotated(context) for node in self]))
                               ~~~~~~~~~~~~~~~~~~~~~^^^^^^^^^
  File "C:\All documents\Projects\DressCode\shop\venv\Lib\site-packages\django\template\base.py", line 977, in render_annotated
    return self.render(context)
           ~~~~~~~~~~~^^^^^^^^^
  File "C:\All documents\Projects\DressCode\shop\venv\Lib\site-packages\django\template\loader_tags.py", line 210, in render
    return template.render(context)
           ~~~~~~~~~~~~~~~^^^^^^^^^
  File "C:\All documents\Projects\DressCode\shop\venv\Lib\site-packages\django\template\base.py", line 173, in render
    return self._render(context)
           ~~~~~~~~~~~~^^^^^^^^^
  File "C:\All documents\Projects\DressCode\shop\venv\Lib\site-packages\django\test\utils.py", line 114, in instrumented_test_render
    return self.nodelist.render(context)
           ~~~~~~~~~~~~~~~~~~~~^^^^^^^^^
  File "C:\All documents\Projects\DressCode\shop\venv\Lib\site-packages\django\template\base.py", line 1016, in render
    return SafeString("".join([node.render_annotated(context) for node in self]))
                               ~~~~~~~~~~~~~~~~~~~~~^^^^^^^^^
  File "C:\All documents\Projects\DressCode\shop\venv\Lib\site-packages\django\template\base.py", line 977, in render_annotated
    return self.render(context)
           ~~~~~~~~~~~^^^^^^^^^
  File "C:\All documents\Projects\DressCode\shop\venv\Lib\site-packages\django\template\defaulttags.py", line 243, in render
    nodelist.append(node.render_annotated(context))
                    ~~~~~~~~~~~~~~~~~~~~~^^^^^^^^^
  File "C:\All documents\Projects\DressCode\shop\venv\Lib\site-packages\django\template\base.py", line 977, in render_annotated
    return self.render(context)
           ~~~~~~~~~~~^^^^^^^^^
  File "C:\All documents\Projects\DressCode\shop\venv\Lib\site-packages\django\template\base.py", line 1075, in render
    output = self.filter_expression.resolve(context)
  File "C:\All documents\Projects\DressCode\shop\venv\Lib\site-packages\django\template\base.py", line 722, in resolve
    obj = self.var.resolve(context)
  File "C:\All documents\Projects\DressCode\shop\venv\Lib\site-packages\django\template\base.py", line 854, in resolve
    value = self._resolve_lookup(context)
  File "C:\All documents\Projects\DressCode\shop\venv\Lib\site-packages\django\template\base.py", line 901, in _resolve_lookup
    current = getattr(current, bit)
  File "C:\All documents\Projects\DressCode\shop\venv\Lib\site-packages\django\db\models\fields\files.py", line 69, in url
    self._require_file()
    ~~~~~~~~~~~~~~~~~~^^
  File "C:\All documents\Projects\DressCode\shop\venv\Lib\site-packages\django\db\models\fields\files.py", line 44, in _require_file
    raise ValueError(
        "The '%s' attribute has no file associated with it." % self.field.name
    )
ValueError: The 'image' attribute has no file associated with it.
"GET /ru/ HTTP/1.1" 500 247352
"GET /admin/ HTTP/1.1" 302 0
"GET /ru/admin/ HTTP/1.1" 200 77892
Not Found: /ru/admin/apps/main/static/main/images/logo.png
"GET /ru/admin/apps/main/static/main/images/logo.png HTTP/1.1" 404 25366
"GET /ru/admin/main/brand/ HTTP/1.1" 200 60189
"GET /ru/admin/main/brand/apps/main/static/main/images/logo.png HTTP/1.1" 301 0
"GET /ru/admin/jsi18n/ HTTP/1.1" 200 17546
"GET /ru/admin/main/brand/apps/main/static/main/images/logo.png/ HTTP/1.1" 302 0
"GET /ru/admin/main/brand/apps/main/static/main/images/logo.png/change/ HTTP/1.1" 302 0
"GET /ru/admin/ HTTP/1.1" 200 78348
"GET /ru/admin/main/brand/add/ HTTP/1.1" 200 53335
"GET /ru/admin/jsi18n/ HTTP/1.1" 200 17546
"GET /ru/admin/main/brand/add/apps/main/static/main/images/logo.png HTTP/1.1" 301 0
"GET /ru/admin/main/brand/add/apps/main/static/main/images/logo.png/ HTTP/1.1" 302 0
"GET /ru/admin/main/brand/add/apps/main/static/main/images/logo.png/change/ HTTP/1.1" 302 0
"GET /ru/admin/ HTTP/1.1" 200 78352
"POST /ru/admin/main/brand/add/ HTTP/1.1" 302 0
"GET /ru/admin/main/brand/ HTTP/1.1" 200 63530
"GET /ru/admin/jsi18n/ HTTP/1.1" 200 17546
"GET /ru/admin/main/brand/apps/main/static/main/images/logo.png HTTP/1.1" 301 0
"GET /ru/admin/main/brand/apps/main/static/main/images/logo.png/ HTTP/1.1" 302 0
"GET /ru/admin/main/brand/apps/main/static/main/images/logo.png/change/ HTTP/1.1" 302 0
"GET /ru/admin/ HTTP/1.1" 200 78347
"GET / HTTP/1.1" 302 0
Internal Server Error: /ru/
Traceback (most recent call last):
  File "C:\All documents\Projects\DressCode\shop\venv\Lib\site-packages\django\template\base.py", line 890, in _resolve_lookup
    raise TypeError
TypeError

During handling of the above exception, another exception occurred:

Traceback (most recent call last):
  File "C:\All documents\Projects\DressCode\shop\venv\Lib\site-packages\django\core\handlers\exception.py", line 55, in inner
    response = get_response(request)
  File "C:\All documents\Projects\DressCode\shop\venv\Lib\site-packages\django\core\handlers\base.py", line 220, in _get_response
    response = response.render()
  File "C:\All documents\Projects\DressCode\shop\venv\Lib\site-packages\django\template\response.py", line 114, in render
    self.content = self.rendered_content
                   ^^^^^^^^^^^^^^^^^^^^^
  File "C:\All documents\Projects\DressCode\shop\venv\Lib\site-packages\django\template\response.py", line 92, in rendered_content
    return template.render(context, self._request)
           ~~~~~~~~~~~~~~~^^^^^^^^^^^^^^^^^^^^^^^^
  File "C:\All documents\Projects\DressCode\shop\venv\Lib\site-packages\django\template\backends\django.py", line 107, in render
    return self.template.render(context)
           ~~~~~~~~~~~~~~~~~~~~^^^^^^^^^
  File "C:\All documents\Projects\DressCode\shop\venv\Lib\site-packages\django\template\base.py", line 171, in render
    return self._render(context)
           ~~~~~~~~~~~~^^^^^^^^^
  File "C:\All documents\Projects\DressCode\shop\venv\Lib\site-packages\django\test\utils.py", line 114, in instrumented_test_render
    return self.nodelist.render(context)
           ~~~~~~~~~~~~~~~~~~~~^^^^^^^^^
  File "C:\All documents\Projects\DressCode\shop\venv\Lib\site-packages\django\template\base.py", line 1016, in render
    return SafeString("".join([node.render_annotated(context) for node in self]))
                               ~~~~~~~~~~~~~~~~~~~~~^^^^^^^^^
  File "C:\All documents\Projects\DressCode\shop\venv\Lib\site-packages\django\template\base.py", line 977, in render_annotated
    return self.render(context)
           ~~~~~~~~~~~^^^^^^^^^
  File "C:\All documents\Projects\DressCode\shop\venv\Lib\site-packages\django\template\loader_tags.py", line 159, in render
    return compiled_parent._render(context)
           ~~~~~~~~~~~~~~~~~~~~~~~^^^^^^^^^
  File "C:\All documents\Projects\DressCode\shop\venv\Lib\site-packages\django\test\utils.py", line 114, in instrumented_test_render
    return self.nodelist.render(context)
           ~~~~~~~~~~~~~~~~~~~~^^^^^^^^^
  File "C:\All documents\Projects\DressCode\shop\venv\Lib\site-packages\django\template\base.py", line 1016, in render
    return SafeString("".join([node.render_annotated(context) for node in self]))
                               ~~~~~~~~~~~~~~~~~~~~~^^^^^^^^^
  File "C:\All documents\Projects\DressCode\shop\venv\Lib\site-packages\django\template\base.py", line 977, in render_annotated
    return self.render(context)
           ~~~~~~~~~~~^^^^^^^^^
  File "C:\All documents\Projects\DressCode\shop\venv\Lib\site-packages\django\template\loader_tags.py", line 65, in render
    result = block.nodelist.render(context)
  File "C:\All documents\Projects\DressCode\shop\venv\Lib\site-packages\django\template\base.py", line 1016, in render
    return SafeString("".join([node.render_annotated(context) for node in self]))
                               ~~~~~~~~~~~~~~~~~~~~~^^^^^^^^^
  File "C:\All documents\Projects\DressCode\shop\venv\Lib\site-packages\django\template\base.py", line 977, in render_annotated
    return self.render(context)
           ~~~~~~~~~~~^^^^^^^^^
  File "C:\All documents\Projects\DressCode\shop\venv\Lib\site-packages\django\template\loader_tags.py", line 210, in render
    return template.render(context)
           ~~~~~~~~~~~~~~~^^^^^^^^^
  File "C:\All documents\Projects\DressCode\shop\venv\Lib\site-packages\django\template\base.py", line 173, in render
    return self._render(context)
           ~~~~~~~~~~~~^^^^^^^^^
  File "C:\All documents\Projects\DressCode\shop\venv\Lib\site-packages\django\test\utils.py", line 114, in instrumented_test_render
    return self.nodelist.render(context)
           ~~~~~~~~~~~~~~~~~~~~^^^^^^^^^
  File "C:\All documents\Projects\DressCode\shop\venv\Lib\site-packages\django\template\base.py", line 1016, in render
    return SafeString("".join([node.render_annotated(context) for node in self]))
                               ~~~~~~~~~~~~~~~~~~~~~^^^^^^^^^
  File "C:\All documents\Projects\DressCode\shop\venv\Lib\site-packages\django\template\base.py", line 977, in render_annotated
    return self.render(context)
           ~~~~~~~~~~~^^^^^^^^^
  File "C:\All documents\Projects\DressCode\shop\venv\Lib\site-packages\django\template\defaulttags.py", line 243, in render
    nodelist.append(node.render_annotated(context))
                    ~~~~~~~~~~~~~~~~~~~~~^^^^^^^^^
  File "C:\All documents\Projects\DressCode\shop\venv\Lib\site-packages\django\template\base.py", line 977, in render_annotated
    return self.render(context)
           ~~~~~~~~~~~^^^^^^^^^
  File "C:\All documents\Projects\DressCode\shop\venv\Lib\site-packages\django\template\base.py", line 1075, in render
    output = self.filter_expression.resolve(context)
  File "C:\All documents\Projects\DressCode\shop\venv\Lib\site-packages\django\template\base.py", line 722, in resolve
    obj = self.var.resolve(context)
  File "C:\All documents\Projects\DressCode\shop\venv\Lib\site-packages\django\template\base.py", line 854, in resolve
    value = self._resolve_lookup(context)
  File "C:\All documents\Projects\DressCode\shop\venv\Lib\site-packages\django\template\base.py", line 901, in _resolve_lookup
    current = getattr(current, bit)
  File "C:\All documents\Projects\DressCode\shop\venv\Lib\site-packages\django\db\models\fields\files.py", line 69, in url
    self._require_file()
    ~~~~~~~~~~~~~~~~~~^^
  File "C:\All documents\Projects\DressCode\shop\venv\Lib\site-packages\django\db\models\fields\files.py", line 44, in _require_file
    raise ValueError(
        "The '%s' attribute has no file associated with it." % self.field.name
    )
ValueError: The 'image' attribute has no file associated with it.
"GET /ru/ HTTP/1.1" 500 248098
"GET /admin/ HTTP/1.1" 302 0
"GET /ru/admin/ HTTP/1.1" 200 77891
Not Found: /ru/admin/apps/main/static/main/images/logo.png
"GET /ru/admin/apps/main/static/main/images/logo.png HTTP/1.1" 404 25366
"GET /ru/admin/main/product/ HTTP/1.1" 200 100582
"GET /ru/admin/jsi18n/ HTTP/1.1" 200 17546
"GET /ru/admin/main/product/apps/main/static/main/images/logo.png HTTP/1.1" 301 0
"GET /ru/admin/main/product/apps/main/static/main/images/logo.png/ HTTP/1.1" 302 0
"GET /ru/admin/main/product/apps/main/static/main/images/logo.png/change/ HTTP/1.1" 302 0
"GET /ru/admin/ HTTP/1.1" 200 78349
"GET /ru/admin/main/product/3/change/ HTTP/1.1" 200 91048
"GET /ru/admin/jsi18n/ HTTP/1.1" 200 17546
"GET /ru/admin/main/product/3/change/apps/main/static/main/images/logo.png HTTP/1.1" 301 0
"GET /ru/admin/main/product/3/change/apps/main/static/main/images/logo.png/ HTTP/1.1" 302 0
"GET /ru/admin/main/product/3/change/apps/main/static/main/images/logo.png/change/ HTTP/1.1" 302 0
"GET /ru/admin/ HTTP/1.1" 200 78358
"GET /ru/admin/main/product/3/delete/ HTTP/1.1" 200 51168
"GET /static/admin/js/cancel.js HTTP/1.1" 200 884
"GET /ru/admin/main/product/3/delete/apps/main/static/main/images/logo.png HTTP/1.1" 301 0
"GET /ru/admin/main/product/3/delete/apps/main/static/main/images/logo.png/ HTTP/1.1" 302 0
"GET /ru/admin/main/product/3/delete/apps/main/static/main/images/logo.png/change/ HTTP/1.1" 302 0
"GET /ru/admin/ HTTP/1.1" 200 78358
"POST /ru/admin/main/product/3/delete/ HTTP/1.1" 302 0
"GET /ru/admin/main/product/ HTTP/1.1" 200 91278
"GET /ru/admin/jsi18n/ HTTP/1.1" 200 17546
"GET /ru/admin/main/product/apps/main/static/main/images/logo.png HTTP/1.1" 301 0
"GET /ru/admin/main/product/apps/main/static/main/images/logo.png/ HTTP/1.1" 302 0
"GET /ru/admin/main/product/apps/main/static/main/images/logo.png/change/ HTTP/1.1" 302 0
"GET /ru/admin/ HTTP/1.1" 200 78305
"GET / HTTP/1.1" 302 0
"GET /ru/ HTTP/1.1" 200 39152
"GET /static/main/css/header.css HTTP/1.1" 200 18375
"GET /static/main/css/footer.css HTTP/1.1" 200 2831
"GET /static/main/css/catalog.css HTTP/1.1" 200 14029
"GET /static/main/js/burger.js HTTP/1.1" 200 8406
"GET /ru/2/zip-hoodie-oversized-unorthodox HTTP/1.1" 200 25651
"GET /static/main/css/detail.css HTTP/1.1" 200 7217
C:\All documents\Projects\DressCode\shop\shop\settings.py changed, reloading.
Watching for file changes with StatReloader
"GET /admin/ HTTP/1.1" 302 0
"GET /ru/admin/ HTTP/1.1" 200 77829
Not Found: /ru/admin/apps/main/static/main/images/logo.png
"GET /ru/admin/apps/main/static/main/images/logo.png HTTP/1.1" 404 25366
"GET /ru/admin/search/?s=C HTTP/1.1" 200 2214
"GET /__debug__/history_sidebar/?request_id=7dd3c734e36847f9822bae25a056bf19 HTTP/1.1" 200 13249
"GET /ru/admin/search/?s=Comme HTTP/1.1" 200 719
"GET /__debug__/history_sidebar/?request_id=208c8195d81c414698b9eccd12edc6d9 HTTP/1.1" 200 13253
"GET /ru/admin/comments/comment/ HTTP/1.1" 200 62487
"GET /ru/admin/jsi18n/ HTTP/1.1" 200 17546
"GET /ru/admin/comments/comment/apps/main/static/main/images/logo.png HTTP/1.1" 301 0
"GET /ru/admin/comments/comment/apps/main/static/main/images/logo.png/ HTTP/1.1" 302 0
"GET /ru/admin/comments/comment/apps/main/static/main/images/logo.png/change/ HTTP/1.1" 302 0
"GET /ru/admin/ HTTP/1.1" 200 78286
"GET / HTTP/1.1" 302 0
"GET /ru/ HTTP/1.1" 200 39152
Internal Server Error: /ru/cart/
Traceback (most recent call last):
  File "C:\All documents\Projects\DressCode\shop\venv\Lib\site-packages\django\template\base.py", line 510, in parse
    compile_func = self.tags[command]
                   ~~~~~~~~~^^^^^^^^^
KeyError: 'endif'

During handling of the above exception, another exception occurred:

Traceback (most recent call last):
  File "C:\All documents\Projects\DressCode\shop\venv\Lib\site-packages\django\core\handlers\exception.py", line 55, in inner
    response = get_response(request)
  File "C:\All documents\Projects\DressCode\shop\venv\Lib\site-packages\django\core\handlers\base.py", line 197, in _get_response
    response = wrapped_callback(request, *callback_args, **callback_kwargs)
  File "C:\All documents\Projects\DressCode\shop\apps\cart\views.py", line 99, in cart_detail
    return render(request, 'cart/cart_detail.html', {'cart': cart})
  File "C:\All documents\Projects\DressCode\shop\venv\Lib\site-packages\django\shortcuts.py", line 25, in render
    content = loader.render_to_string(template_name, context, request, using=using)
  File "C:\All documents\Projects\DressCode\shop\venv\Lib\site-packages\django\template\loader.py", line 61, in render_to_string
    template = get_template(template_name, using=using)
  File "C:\All documents\Projects\DressCode\shop\venv\Lib\site-packages\django\template\loader.py", line 15, in get_template
    return engine.get_template(template_name)
           ~~~~~~~~~~~~~~~~~~~^^^^^^^^^^^^^^^
  File "C:\All documents\Projects\DressCode\shop\venv\Lib\site-packages\django\template\backends\django.py", line 79, in get_template
    return Template(self.engine.get_template(template_name), self)
                    ~~~~~~~~~~~~~~~~~~~~~~~~^^^^^^^^^^^^^^^
  File "C:\All documents\Projects\DressCode\shop\venv\Lib\site-packages\django\template\engine.py", line 177, in get_template
    template, origin = self.find_template(template_name)
                       ~~~~~~~~~~~~~~~~~~^^^^^^^^^^^^^^^
  File "C:\All documents\Projects\DressCode\shop\venv\Lib\site-packages\django\template\engine.py", line 159, in find_template
    template = loader.get_template(name, skip=skip)
  File "C:\All documents\Projects\DressCode\shop\venv\Lib\site-packages\django\template\loaders\cached.py", line 57, in get_template
    template = super().get_template(template_name, skip)
  File "C:\All documents\Projects\DressCode\shop\venv\Lib\site-packages\django\template\loaders\base.py", line 28, in get_template
    return Template(
        contents,
    ...<2 lines>...
        self.engine,
    )
  File "C:\All documents\Projects\DressCode\shop\venv\Lib\site-packages\django\template\base.py", line 154, in __init__
    self.nodelist = self.compile_nodelist()
                    ~~~~~~~~~~~~~~~~~~~~~^^
  File "C:\All documents\Projects\DressCode\shop\venv\Lib\site-packages\django\template\base.py", line 196, in compile_nodelist
    nodelist = parser.parse()
  File "C:\All documents\Projects\DressCode\shop\venv\Lib\site-packages\django\template\base.py", line 518, in parse
    raise self.error(token, e)
  File "C:\All documents\Projects\DressCode\shop\venv\Lib\site-packages\django\template\base.py", line 516, in parse
    compiled_result = compile_func(self, token)
  File "C:\All documents\Projects\DressCode\shop\venv\Lib\site-packages\django\template\loader_tags.py", line 299, in do_extends
    nodelist = parser.parse()
  File "C:\All documents\Projects\DressCode\shop\venv\Lib\site-packages\django\template\base.py", line 518, in parse
    raise self.error(token, e)
  File "C:\All documents\Projects\DressCode\shop\venv\Lib\site-packages\django\template\base.py", line 516, in parse
    compiled_result = compile_func(self, token)
  File "C:\All documents\Projects\DressCode\shop\venv\Lib\site-packages\django\template\loader_tags.py", line 234, in do_block
    nodelist = parser.parse(("endblock",))
  File "C:\All documents\Projects\DressCode\shop\venv\Lib\site-packages\django\template\base.py", line 518, in parse
    raise self.error(token, e)
  File "C:\All documents\Projects\DressCode\shop\venv\Lib\site-packages\django\template\base.py", line 516, in parse
    compiled_result = compile_func(self, token)
  File "C:\All documents\Projects\DressCode\shop\venv\Lib\site-packages\django\template\defaulttags.py", line 962, in do_if
    nodelist = parser.parse(("elif", "else", "endif"))
  File "C:\All documents\Projects\DressCode\shop\venv\Lib\site-packages\django\template\base.py", line 518, in parse
    raise self.error(token, e)
  File "C:\All documents\Projects\DressCode\shop\venv\Lib\site-packages\django\template\base.py", line 516, in parse
    compiled_result = compile_func(self, token)
  File "C:\All documents\Projects\DressCode\shop\venv\Lib\site-packages\django\template\defaulttags.py", line 862, in do_for
    nodelist_loop = parser.parse(
        (
    ...<2 lines>...
        )
    )
  File "C:\All documents\Projects\DressCode\shop\venv\Lib\site-packages\django\template\base.py", line 512, in parse
    self.invalid_block_tag(token, command, parse_until)
    ~~~~~~~~~~~~~~~~~~~~~~^^^^^^^^^^^^^^^^^^^^^^^^^^^^^
  File "C:\All documents\Projects\DressCode\shop\venv\Lib\site-packages\django\template\base.py", line 567, in invalid_block_tag
    raise self.error(
    ...<8 lines>...
    )
django.template.exceptions.TemplateSyntaxError: Invalid block tag on line 59: 'endif', expected 'empty' or 'endfor'. Did you forget to register or load this tag?
"GET /ru/cart/ HTTP/1.1" 500 339895
"GET /admin/ HTTP/1.1" 302 0
"GET /ru/admin/ HTTP/1.1" 200 77828
Not Found: /ru/admin/apps/main/static/main/images/logo.png
"GET /ru/admin/apps/main/static/main/images/logo.png HTTP/1.1" 404 25366
C:\All documents\Projects\DressCode\shop\shop\settings.py changed, reloading.
Watching for file changes with StatReloader
"GET /ru/admin/ HTTP/1.1" 200 77853
C:\All documents\Projects\DressCode\shop\shop\settings.py changed, reloading.
Watching for file changes with StatReloader
"GET /ru/admin/ HTTP/1.1" 200 77847
"GET /ru/admin/ HTTP/1.1" 200 77846
C:\All documents\Projects\DressCode\shop\shop\settings.py changed, reloading.
Watching for file changes with StatReloader
"GET /ru/admin/ HTTP/1.1" 200 78561
Not Found: /ru/admin/images/logo.svg
"GET /ru/admin/images/logo.svg HTTP/1.1" 404 25278
Not Found: /ru/admin/images/favicon-32.png
"GET /ru/admin/images/favicon-32.png HTTP/1.1" 404 25302
"GET /admin/products/ HTTP/1.1" 302 0
Not Found: /ru/admin/products/
"GET /ru/admin/products/ HTTP/1.1" 404 25254
"GET /ru/admin/ HTTP/1.1" 200 78560
C:\All documents\Projects\DressCode\shop\shop\settings.py changed, reloading.
Watching for file changes with StatReloader
"GET /ru/admin/ HTTP/1.1" 200 76538
Not Found: /ru/admin/images/logo.svg
"GET /ru/admin/images/logo.svg HTTP/1.1" 404 25278
"GET /ru/admin/ HTTP/1.1" 200 76537
Not Found: /ru/admin/images/logo.svg
"GET /ru/admin/images/logo.svg HTTP/1.1" 404 25278
Not Found: /ru/admin/images/favicon-32.png
- Broken pipe from ('127.0.0.1', 56102)
C:\All documents\Projects\DressCode\shop\shop\settings.py changed, reloading.
Watching for file changes with StatReloader
"GET /ru/admin/ HTTP/1.1" 200 76439
Not Found: /ru/admin/images/logo.svg
"GET /ru/admin/images/logo.svg HTTP/1.1" 404 25278
C:\All documents\Projects\DressCode\shop\shop\settings.py changed, reloading.
Watching for file changes with StatReloader
C:\All documents\Projects\DressCode\shop\shop\settings.py changed, reloading.
Watching for file changes with StatReloader
"GET /ru/admin/ HTTP/1.1" 200 76444
Not Found: /ru/admin/main/images/logo.svg
"GET /ru/admin/main/images/logo.svg HTTP/1.1" 404 25298
"GET /ru/admin/coupons/coupon/add/ HTTP/1.1" 200 54055
"GET /static/admin/js/calendar.js HTTP/1.1" 200 9141
"GET /static/admin/js/admin/DateTimeShortcuts.js HTTP/1.1" 200 19319
"GET /ru/admin/jsi18n/ HTTP/1.1" 200 17546
"GET /ru/admin/coupons/coupon/add/main/images/logo.svg HTTP/1.1" 301 0
"GET /ru/admin/coupons/coupon/add/main/images/logo.svg/ HTTP/1.1" 302 0
"GET /ru/admin/coupons/coupon/add/main/images/logo.svg/change/ HTTP/1.1" 302 0
"GET /ru/admin/ HTTP/1.1" 200 76887
"GET /ru/admin/coupons/coupon/add/ HTTP/1.1" 200 54055
"GET /ru/admin/jsi18n/ HTTP/1.1" 200 17546
"GET /ru/admin/coupons/coupon/add/main/images/logo.svg HTTP/1.1" 301 0
"GET /ru/admin/coupons/coupon/add/main/images/logo.svg/ HTTP/1.1" 302 0
"GET /ru/admin/coupons/coupon/add/main/images/logo.svg/change/ HTTP/1.1" 302 0
"GET /ru/admin/ HTTP/1.1" 200 76887
"GET /ru/admin/main/product/ HTTP/1.1" 200 89471
"GET /ru/admin/jsi18n/ HTTP/1.1" 200 17546
"GET /ru/admin/main/product/main/images/logo.svg HTTP/1.1" 301 0
"GET /ru/admin/main/product/main/images/logo.svg/ HTTP/1.1" 302 0
"GET /ru/admin/main/product/main/images/logo.svg/change/ HTTP/1.1" 302 0
"GET /ru/admin/ HTTP/1.1" 200 76884
"GET /ru/admin/main/product/2/change/ HTTP/1.1" 200 97381
"GET /ru/admin/jsi18n/ HTTP/1.1" 200 17546
"GET /ru/admin/main/product/2/change/main/images/logo.svg HTTP/1.1" 301 0
"GET /ru/admin/main/product/2/change/main/images/logo.svg/ HTTP/1.1" 302 0
"GET /ru/admin/main/product/2/change/main/images/logo.svg/change/ HTTP/1.1" 302 0
"GET /ru/admin/ HTTP/1.1" 200 76893
"GET /ru/admin/main/size/add/?_to_field=id&_popup=1 HTTP/1.1" 200 27932
"GET /ru/admin/jsi18n/ HTTP/1.1" 200 17546
"POST /ru/admin/main/product/2/change/ HTTP/1.1" 302 0
"GET /ru/admin/main/product/ HTTP/1.1" 200 89934
"GET /ru/admin/jsi18n/ HTTP/1.1" 200 17546
"GET /ru/admin/main/product/main/images/logo.svg HTTP/1.1" 301 0
"GET /ru/admin/main/product/main/images/logo.svg/ HTTP/1.1" 302 0
"GET /ru/admin/main/product/main/images/logo.svg/change/ HTTP/1.1" 302 0
"GET /ru/admin/ HTTP/1.1" 200 76886
"GET /ru/admin/main/category/ HTTP/1.1" 200 64946
"GET /ru/admin/jsi18n/ HTTP/1.1" 200 17546
"GET /ru/admin/main/category/main/images/logo.svg HTTP/1.1" 301 0
"GET /ru/admin/main/category/main/images/logo.svg/ HTTP/1.1" 302 0
"GET /ru/admin/main/category/main/images/logo.svg/change/ HTTP/1.1" 302 0
"GET /ru/admin/ HTTP/1.1" 200 76897
"GET /ru/admin/main/category/ HTTP/1.1" 200 64946
"GET /ru/admin/main/category/main/images/logo.svg HTTP/1.1" 301 0
"GET /ru/admin/jsi18n/ HTTP/1.1" 200 17546
"GET /ru/admin/main/category/main/images/logo.svg/ HTTP/1.1" 302 0
"GET /ru/admin/main/category/main/images/logo.svg/change/ HTTP/1.1" 302 0
"GET /ru/admin/ HTTP/1.1" 200 76897
C:\All documents\Projects\DressCode\shop\shop\settings.py changed, reloading.
Watching for file changes with StatReloader
"GET /ru/admin/main/category/ HTTP/1.1" 200 65020
"GET /ru/admin/jsi18n/ HTTP/1.1" 200 17546
"GET /ru/admin/main/category/main/images/logo.svg HTTP/1.1" 301 0
"GET /ru/admin/main/category/main/images/logo.svg/ HTTP/1.1" 302 0
"GET /ru/admin/main/category/main/images/logo.svg/change/ HTTP/1.1" 302 0
"GET /ru/admin/ HTTP/1.1" 200 76970
C:\All documents\Projects\DressCode\shop\shop\settings.py changed, reloading.
Watching for file changes with StatReloader
C:\All documents\Projects\DressCode\shop\shop\settings.py changed, reloading.
Watching for file changes with StatReloader
"GET /ru/admin/main/category/ HTTP/1.1" 200 64947
"GET /ru/admin/jsi18n/ HTTP/1.1" 200 17546
"GET /ru/admin/main/category/main/images/logo.png HTTP/1.1" 301 0
"GET /ru/admin/main/category/main/images/logo.png/ HTTP/1.1" 302 0
"GET /ru/admin/main/category/main/images/logo.png/change/ HTTP/1.1" 302 0
"GET /ru/admin/ HTTP/1.1" 200 76897
"GET /ru/admin/ HTTP/1.1" 200 76445
Not Found: /ru/admin/main/images/logo.png
"GET /ru/admin/main/images/logo.png HTTP/1.1" 404 25298
"GET /ru/admin/ HTTP/1.1" 200 76445
"GET /static/unfold/fonts/inter/styles.css HTTP/1.1" 200 608
"GET /static/unfold/fonts/material-symbols/styles.css HTTP/1.1" 200 164
"GET /static/unfold/css/simplebar/simplebar.css HTTP/1.1" 200 4647
"GET /static/unfold/css/styles.css HTTP/1.1" 200 159921
"GET /static/unfold/js/alpine/alpine.persist.js HTTP/1.1" 200 837
"GET /static/unfold/js/alpine/alpine.resize.js HTTP/1.1" 200 703
"GET /static/unfold/js/alpine/alpine.anchor.js HTTP/1.1" 200 15524
"GET /static/unfold/js/alpine/alpine.js HTTP/1.1" 200 44758
"GET /static/unfold/js/app.js HTTP/1.1" 200 13454
"GET /static/unfold/js/alpine/alpine.sort.js HTTP/1.1" 200 37891
"GET /static/debug_toolbar/css/toolbar.css HTTP/1.1" 200 29468
"GET /static/unfold/js/htmx/htmx.js HTTP/1.1" 200 50918
"GET /static/debug_toolbar/js/toolbar.js HTTP/1.1" 200 14879
"GET /static/unfold/js/simplebar/simplebar.js HTTP/1.1" 200 27176
"GET /static/debug_toolbar/js/utils.js HTTP/1.1" 200 4700
"GET /static/unfold/js/chart/chart.js HTTP/1.1" 200 200633
"GET /static/debug_toolbar/css/print.css HTTP/1.1" 200 43
"GET /static/unfold/fonts/inter/Inter-SemiBold.woff2 HTTP/1.1" 200 114812
"GET /static/unfold/fonts/inter/Inter-Regular.woff2 HTTP/1.1" 200 111268
"GET /static/unfold/fonts/material-symbols/Material-Symbols-Outlined.woff2 HTTP/1.1" 200 274228
Not Found: /ru/admin/main/images/logo.png
"GET /ru/admin/main/images/logo.png HTTP/1.1" 404 25298
Not Found: /favicon.ico
"GET /favicon.ico HTTP/1.1" 404 16606
"GET /ru/admin/ HTTP/1.1" 200 76445
C:\All documents\Projects\DressCode\shop\shop\settings.py changed, reloading.
Watching for file changes with StatReloader
"GET /ru/admin/ HTTP/1.1" 200 76487
"GET /static/unfold/fonts/inter/styles.css HTTP/1.1" 200 608
"GET /static/unfold/fonts/material-symbols/styles.css HTTP/1.1" 200 164
"GET /static/unfold/css/simplebar/simplebar.css HTTP/1.1" 200 4647
"GET /static/unfold/js/alpine/alpine.anchor.js HTTP/1.1" 200 15524
"GET /static/unfold/js/alpine/alpine.resize.js HTTP/1.1" 200 703
"GET /static/unfold/js/alpine/alpine.persist.js HTTP/1.1" 200 837
"GET /static/unfold/js/app.js HTTP/1.1" 200 13454
"GET /static/unfold/js/alpine/alpine.js HTTP/1.1" 200 44758
"GET /static/unfold/js/alpine/alpine.sort.js HTTP/1.1" 200 37891
"GET /static/debug_toolbar/css/toolbar.css HTTP/1.1" 200 29468
"GET /static/unfold/js/chart/chart.js HTTP/1.1" 200 200633
"GET /static/unfold/js/htmx/htmx.js HTTP/1.1" 200 50918
"GET /static/debug_toolbar/js/toolbar.js HTTP/1.1" 200 14879
"GET /static/unfold/css/styles.css HTTP/1.1" 200 159921
"GET /static/unfold/js/simplebar/simplebar.js HTTP/1.1" 200 27176
"GET /static/debug_toolbar/js/utils.js HTTP/1.1" 200 4700
"GET /static/debug_toolbar/css/print.css HTTP/1.1" 200 43
"GET /static/unfold/fonts/inter/Inter-Regular.woff2 HTTP/1.1" 200 111268
"GET /static/unfold/fonts/inter/Inter-SemiBold.woff2 HTTP/1.1" 200 114812
"GET /static/unfold/fonts/material-symbols/Material-Symbols-Outlined.woff2 HTTP/1.1" 200 274228
Not Found: /favicon.ico
"GET /favicon.ico HTTP/1.1" 404 16606
"GET /ru/admin/password_change/ HTTP/1.1" 200 50659
"GET /static/unfold/fonts/inter/Inter-Medium.woff2 HTTP/1.1" 200 114348
"GET /ru/admin/ HTTP/1.1" 200 76486
"POST /ru/admin/logout/ HTTP/1.1" 200 21605
Not Found: /favicon.ico
"GET /favicon.ico HTTP/1.1" 404 16606
"GET / HTTP/1.1" 302 0
"GET /ru/ HTTP/1.1" 200 39311
"GET /static/main/css/footer.css HTTP/1.1" 200 2831
"GET /static/main/css/catalog.css HTTP/1.1" 200 14029
"GET /static/main/css/header.css HTTP/1.1" 200 18375
"GET /static/main/js/burger.js HTTP/1.1" 200 8406
"GET /media/product/2025/08/22/Alright-Hoodie-BL-F.webp HTTP/1.1" 200 37506
"GET /admin/ HTTP/1.1" 302 0
"GET /ru/admin/ HTTP/1.1" 302 0
"GET /ru/admin/login/?next=/ru/admin/ HTTP/1.1" 200 23711
Watching for file changes with StatReloader
"GET / HTTP/1.1" 302 0
"GET /ru/ HTTP/1.1" 200 39312
"GET /ru/user/profile/ HTTP/1.1" 302 0
"GET /accounts/login/?next=/ru/user/profile/ HTTP/1.1" 302 0
"GET /ru/accounts/login/?next=/ru/user/profile/ HTTP/1.1" 200 17072
"GET /admin/ HTTP/1.1" 302 0
"GET /ru/admin/ HTTP/1.1" 302 0
"GET /ru/admin/login/?next=/ru/admin/ HTTP/1.1" 200 23711
"GET /static/unfold/fonts/inter/styles.css HTTP/1.1" 200 608
"GET /static/unfold/fonts/material-symbols/styles.css HTTP/1.1" 200 164
"GET /static/unfold/js/alpine/alpine.anchor.js HTTP/1.1" 304 0
"GET /static/unfold/js/alpine/alpine.resize.js HTTP/1.1" 304 0
"GET /static/unfold/css/simplebar/simplebar.css HTTP/1.1" 304 0
"GET /static/unfold/js/alpine/alpine.js HTTP/1.1" 304 0
"GET /static/unfold/js/htmx/htmx.js HTTP/1.1" 304 0
"GET /static/unfold/js/alpine/alpine.persist.js HTTP/1.1" 304 0
"GET /static/unfold/js/chart/chart.js HTTP/1.1" 304 0
"GET /static/unfold/js/app.js HTTP/1.1" 304 0
"GET /static/unfold/js/alpine/alpine.sort.js HTTP/1.1" 304 0
"GET /static/unfold/js/simplebar/simplebar.js HTTP/1.1" 304 0
"GET /static/unfold/css/styles.css HTTP/1.1" 200 159921
"GET /static/unfold/fonts/inter/Inter-Medium.woff2 HTTP/1.1" 200 114348
"GET /static/unfold/fonts/inter/Inter-SemiBold.woff2 HTTP/1.1" 200 114812
"GET /static/unfold/fonts/material-symbols/Material-Symbols-Outlined.woff2 HTTP/1.1" 304 0
"POST /ru/admin/login/?next=/ru/admin/ HTTP/1.1" 302 0
"GET /ru/admin/ HTTP/1.1" 200 76486
"GET /static/unfold/fonts/inter/Inter-Regular.woff2 HTTP/1.1" 304 0
Not Found: /favicon.ico
"GET /favicon.ico HTTP/1.1" 404 16606
"GET /ru/admin/main/product/ HTTP/1.1" 200 89524
"GET /static/admin/js/actions.js HTTP/1.1" 200 8076
"GET /static/admin/js/jquery.init.js HTTP/1.1" 200 347
"GET /static/admin/js/prepopulate.js HTTP/1.1" 200 1531
"GET /static/admin/js/urlify.js HTTP/1.1" 200 7887
"GET /static/admin/js/core.js HTTP/1.1" 200 6208
"GET /static/admin/js/admin/RelatedObjectLookups.js HTTP/1.1" 200 9222
"GET /static/admin/js/vendor/jquery/jquery.js HTTP/1.1" 200 285314
"GET /ru/admin/jsi18n/ HTTP/1.1" 200 17546
"GET /static/admin/js/vendor/xregexp/xregexp.js HTTP/1.1" 200 325171
"GET /ru/admin/main/product/2/change/ HTTP/1.1" 200 97435
"GET /static/admin/js/inlines.js HTTP/1.1" 200 16222
"GET /static/admin/js/change_form.js HTTP/1.1" 200 606
"GET /static/admin/js/prepopulate_init.js HTTP/1.1" 200 586
"GET /ru/admin/jsi18n/ HTTP/1.1" 200 17546
"GET /static/admin/img/icon-addlink.svg HTTP/1.1" 200 331
"GET /static/admin/img/icon-changelink.svg HTTP/1.1" 200 380
"GET /static/admin/img/icon-viewlink.svg HTTP/1.1" 200 581
"POST /ru/admin/main/product/2/change/ HTTP/1.1" 302 0
"GET /ru/admin/main/product/ HTTP/1.1" 200 89975
"GET /ru/admin/jsi18n/ HTTP/1.1" 200 17546
"GET /ru/admin/main/product/2/change/ HTTP/1.1" 200 91601
"GET /ru/admin/jsi18n/ HTTP/1.1" 200 17546
"GET / HTTP/1.1" 302 0
"GET /ru/ HTTP/1.1" 200 39311
"GET /ru/search/?q= HTTP/1.1" 200 37941
"GET /ru/ HTTP/1.1" 200 39311
"GET /ru/user/profile/ HTTP/1.1" 200 43851
"GET /static/users/css/profile.css HTTP/1.1" 200 7473
"GET /static/users/images/default_ava.png HTTP/1.1" 200 15320
Internal Server Error: /ru/cart/
Traceback (most recent call last):
  File "C:\All documents\Projects\DressCode\shop\venv\Lib\site-packages\django\template\base.py", line 510, in parse
    compile_func = self.tags[command]
                   ~~~~~~~~~^^^^^^^^^
KeyError: 'endif'

During handling of the above exception, another exception occurred:

Traceback (most recent call last):
  File "C:\All documents\Projects\DressCode\shop\venv\Lib\site-packages\django\core\handlers\exception.py", line 55, in inner
    response = get_response(request)
  File "C:\All documents\Projects\DressCode\shop\venv\Lib\site-packages\django\core\handlers\base.py", line 197, in _get_response
    response = wrapped_callback(request, *callback_args, **callback_kwargs)
  File "C:\All documents\Projects\DressCode\shop\apps\cart\views.py", line 99, in cart_detail
    return render(request, 'cart/cart_detail.html', {'cart': cart})
  File "C:\All documents\Projects\DressCode\shop\venv\Lib\site-packages\django\shortcuts.py", line 25, in render
    content = loader.render_to_string(template_name, context, request, using=using)
  File "C:\All documents\Projects\DressCode\shop\venv\Lib\site-packages\django\template\loader.py", line 61, in render_to_string
    template = get_template(template_name, using=using)
  File "C:\All documents\Projects\DressCode\shop\venv\Lib\site-packages\django\template\loader.py", line 15, in get_template
    return engine.get_template(template_name)
           ~~~~~~~~~~~~~~~~~~~^^^^^^^^^^^^^^^
  File "C:\All documents\Projects\DressCode\shop\venv\Lib\site-packages\django\template\backends\django.py", line 79, in get_template
    return Template(self.engine.get_template(template_name), self)
                    ~~~~~~~~~~~~~~~~~~~~~~~~^^^^^^^^^^^^^^^
  File "C:\All documents\Projects\DressCode\shop\venv\Lib\site-packages\django\template\engine.py", line 177, in get_template
    template, origin = self.find_template(template_name)
                       ~~~~~~~~~~~~~~~~~~^^^^^^^^^^^^^^^
  File "C:\All documents\Projects\DressCode\shop\venv\Lib\site-packages\django\template\engine.py", line 159, in find_template
    template = loader.get_template(name, skip=skip)
  File "C:\All documents\Projects\DressCode\shop\venv\Lib\site-packages\django\template\loaders\cached.py", line 57, in get_template
    template = super().get_template(template_name, skip)
  File "C:\All documents\Projects\DressCode\shop\venv\Lib\site-packages\django\template\loaders\base.py", line 28, in get_template
    return Template(
        contents,
    ...<2 lines>...
        self.engine,
    )
  File "C:\All documents\Projects\DressCode\shop\venv\Lib\site-packages\django\template\base.py", line 154, in __init__
    self.nodelist = self.compile_nodelist()
                    ~~~~~~~~~~~~~~~~~~~~~^^
  File "C:\All documents\Projects\DressCode\shop\venv\Lib\site-packages\django\template\base.py", line 196, in compile_nodelist
    nodelist = parser.parse()
  File "C:\All documents\Projects\DressCode\shop\venv\Lib\site-packages\django\template\base.py", line 518, in parse
    raise self.error(token, e)
  File "C:\All documents\Projects\DressCode\shop\venv\Lib\site-packages\django\template\base.py", line 516, in parse
    compiled_result = compile_func(self, token)
  File "C:\All documents\Projects\DressCode\shop\venv\Lib\site-packages\django\template\loader_tags.py", line 299, in do_extends
    nodelist = parser.parse()
  File "C:\All documents\Projects\DressCode\shop\venv\Lib\site-packages\django\template\base.py", line 518, in parse
    raise self.error(token, e)
  File "C:\All documents\Projects\DressCode\shop\venv\Lib\site-packages\django\template\base.py", line 516, in parse
    compiled_result = compile_func(self, token)
  File "C:\All documents\Projects\DressCode\shop\venv\Lib\site-packages\django\template\loader_tags.py", line 234, in do_block
    nodelist = parser.parse(("endblock",))
  File "C:\All documents\Projects\DressCode\shop\venv\Lib\site-packages\django\template\base.py", line 518, in parse
    raise self.error(token, e)
  File "C:\All documents\Projects\DressCode\shop\venv\Lib\site-packages\django\template\base.py", line 516, in parse
    compiled_result = compile_func(self, token)
  File "C:\All documents\Projects\DressCode\shop\venv\Lib\site-packages\django\template\defaulttags.py", line 962, in do_if
    nodelist = parser.parse(("elif", "else", "endif"))
  File "C:\All documents\Projects\DressCode\shop\venv\Lib\site-packages\django\template\base.py", line 518, in parse
    raise self.error(token, e)
  File "C:\All documents\Projects\DressCode\shop\venv\Lib\site-packages\django\template\base.py", line 516, in parse
    compiled_result = compile_func(self, token)
  File "C:\All documents\Projects\DressCode\shop\venv\Lib\site-packages\django\template\defaulttags.py", line 862, in do_for
    nodelist_loop = parser.parse(
        (
    ...<2 lines>...
        )
    )
  File "C:\All documents\Projects\DressCode\shop\venv\Lib\site-packages\django\template\base.py", line 512, in parse
    self.invalid_block_tag(token, command, parse_until)
    ~~~~~~~~~~~~~~~~~~~~~~^^^^^^^^^^^^^^^^^^^^^^^^^^^^^
  File "C:\All documents\Projects\DressCode\shop\venv\Lib\site-packages\django\template\base.py", line 567, in invalid_block_tag
    raise self.error(
    ...<8 lines>...
    )
django.template.exceptions.TemplateSyntaxError: Invalid block tag on line 59: 'endif', expected 'empty' or 'endfor'. Did you forget to register or load this tag?
"GET /ru/cart/ HTTP/1.1" 500 340301
"GET / HTTP/1.1" 302 0
"GET /ru/ HTTP/1.1" 200 39311
Internal Server Error: /ru/cart/
Traceback (most recent call last):
  File "C:\All documents\Projects\DressCode\shop\venv\Lib\site-packages\django\template\base.py", line 510, in parse
    compile_func = self.tags[command]
                   ~~~~~~~~~^^^^^^^^^
KeyError: 'endif'

During handling of the above exception, another exception occurred:

Traceback (most recent call last):
  File "C:\All documents\Projects\DressCode\shop\venv\Lib\site-packages\django\core\handlers\exception.py", line 55, in inner
    response = get_response(request)
  File "C:\All documents\Projects\DressCode\shop\venv\Lib\site-packages\django\core\handlers\base.py", line 197, in _get_response
    response = wrapped_callback(request, *callback_args, **callback_kwargs)
  File "C:\All documents\Projects\DressCode\shop\apps\cart\views.py", line 99, in cart_detail
    return render(request, 'cart/cart_detail.html', {'cart': cart})
  File "C:\All documents\Projects\DressCode\shop\venv\Lib\site-packages\django\shortcuts.py", line 25, in render
    content = loader.render_to_string(template_name, context, request, using=using)
  File "C:\All documents\Projects\DressCode\shop\venv\Lib\site-packages\django\template\loader.py", line 61, in render_to_string
    template = get_template(template_name, using=using)
  File "C:\All documents\Projects\DressCode\shop\venv\Lib\site-packages\django\template\loader.py", line 15, in get_template
    return engine.get_template(template_name)
           ~~~~~~~~~~~~~~~~~~~^^^^^^^^^^^^^^^
  File "C:\All documents\Projects\DressCode\shop\venv\Lib\site-packages\django\template\backends\django.py", line 79, in get_template
    return Template(self.engine.get_template(template_name), self)
                    ~~~~~~~~~~~~~~~~~~~~~~~~^^^^^^^^^^^^^^^
  File "C:\All documents\Projects\DressCode\shop\venv\Lib\site-packages\django\template\engine.py", line 177, in get_template
    template, origin = self.find_template(template_name)
                       ~~~~~~~~~~~~~~~~~~^^^^^^^^^^^^^^^
  File "C:\All documents\Projects\DressCode\shop\venv\Lib\site-packages\django\template\engine.py", line 159, in find_template
    template = loader.get_template(name, skip=skip)
  File "C:\All documents\Projects\DressCode\shop\venv\Lib\site-packages\django\template\loaders\cached.py", line 57, in get_template
    template = super().get_template(template_name, skip)
  File "C:\All documents\Projects\DressCode\shop\venv\Lib\site-packages\django\template\loaders\base.py", line 28, in get_template
    return Template(
        contents,
    ...<2 lines>...
        self.engine,
    )
  File "C:\All documents\Projects\DressCode\shop\venv\Lib\site-packages\django\template\base.py", line 154, in __init__
    self.nodelist = self.compile_nodelist()
                    ~~~~~~~~~~~~~~~~~~~~~^^
  File "C:\All documents\Projects\DressCode\shop\venv\Lib\site-packages\django\template\base.py", line 196, in compile_nodelist
    nodelist = parser.parse()
  File "C:\All documents\Projects\DressCode\shop\venv\Lib\site-packages\django\template\base.py", line 518, in parse
    raise self.error(token, e)
  File "C:\All documents\Projects\DressCode\shop\venv\Lib\site-packages\django\template\base.py", line 516, in parse
    compiled_result = compile_func(self, token)
  File "C:\All documents\Projects\DressCode\shop\venv\Lib\site-packages\django\template\loader_tags.py", line 299, in do_extends
    nodelist = parser.parse()
  File "C:\All documents\Projects\DressCode\shop\venv\Lib\site-packages\django\template\base.py", line 518, in parse
    raise self.error(token, e)
  File "C:\All documents\Projects\DressCode\shop\venv\Lib\site-packages\django\template\base.py", line 516, in parse
    compiled_result = compile_func(self, token)
  File "C:\All documents\Projects\DressCode\shop\venv\Lib\site-packages\django\template\loader_tags.py", line 234, in do_block
    nodelist = parser.parse(("endblock",))
  File "C:\All documents\Projects\DressCode\shop\venv\Lib\site-packages\django\template\base.py", line 518, in parse
    raise self.error(token, e)
  File "C:\All documents\Projects\DressCode\shop\venv\Lib\site-packages\django\template\base.py", line 516, in parse
    compiled_result = compile_func(self, token)
  File "C:\All documents\Projects\DressCode\shop\venv\Lib\site-packages\django\template\defaulttags.py", line 962, in do_if
    nodelist = parser.parse(("elif", "else", "endif"))
  File "C:\All documents\Projects\DressCode\shop\venv\Lib\site-packages\django\template\base.py", line 518, in parse
    raise self.error(token, e)
  File "C:\All documents\Projects\DressCode\shop\venv\Lib\site-packages\django\template\base.py", line 516, in parse
    compiled_result = compile_func(self, token)
  File "C:\All documents\Projects\DressCode\shop\venv\Lib\site-packages\django\template\defaulttags.py", line 862, in do_for
    nodelist_loop = parser.parse(
        (
    ...<2 lines>...
        )
    )
  File "C:\All documents\Projects\DressCode\shop\venv\Lib\site-packages\django\template\base.py", line 512, in parse
    self.invalid_block_tag(token, command, parse_until)
    ~~~~~~~~~~~~~~~~~~~~~~^^^^^^^^^^^^^^^^^^^^^^^^^^^^^
  File "C:\All documents\Projects\DressCode\shop\venv\Lib\site-packages\django\template\base.py", line 567, in invalid_block_tag
    raise self.error(
    ...<8 lines>...
    )
django.template.exceptions.TemplateSyntaxError: Invalid block tag on line 59: 'endif', expected 'empty' or 'endfor'. Did you forget to register or load this tag?
"GET /ru/cart/ HTTP/1.1" 500 340301
"GET /ru/user/profile/ HTTP/1.1" 200 43851
"GET /ru/ HTTP/1.1" 200 39311
"GET /ru/user/profile/ HTTP/1.1" 200 43851
Internal Server Error: /ru/cart/
Traceback (most recent call last):
  File "C:\All documents\Projects\DressCode\shop\venv\Lib\site-packages\django\template\base.py", line 510, in parse
    compile_func = self.tags[command]
                   ~~~~~~~~~^^^^^^^^^
KeyError: 'endif'

During handling of the above exception, another exception occurred:

Traceback (most recent call last):
  File "C:\All documents\Projects\DressCode\shop\venv\Lib\site-packages\django\core\handlers\exception.py", line 55, in inner
    response = get_response(request)
  File "C:\All documents\Projects\DressCode\shop\venv\Lib\site-packages\django\core\handlers\base.py", line 197, in _get_response
    response = wrapped_callback(request, *callback_args, **callback_kwargs)
  File "C:\All documents\Projects\DressCode\shop\apps\cart\views.py", line 99, in cart_detail
    return render(request, 'cart/cart_detail.html', {'cart': cart})
  File "C:\All documents\Projects\DressCode\shop\venv\Lib\site-packages\django\shortcuts.py", line 25, in render
    content = loader.render_to_string(template_name, context, request, using=using)
  File "C:\All documents\Projects\DressCode\shop\venv\Lib\site-packages\django\template\loader.py", line 61, in render_to_string
    template = get_template(template_name, using=using)
  File "C:\All documents\Projects\DressCode\shop\venv\Lib\site-packages\django\template\loader.py", line 15, in get_template
    return engine.get_template(template_name)
           ~~~~~~~~~~~~~~~~~~~^^^^^^^^^^^^^^^
  File "C:\All documents\Projects\DressCode\shop\venv\Lib\site-packages\django\template\backends\django.py", line 79, in get_template
    return Template(self.engine.get_template(template_name), self)
                    ~~~~~~~~~~~~~~~~~~~~~~~~^^^^^^^^^^^^^^^
  File "C:\All documents\Projects\DressCode\shop\venv\Lib\site-packages\django\template\engine.py", line 177, in get_template
    template, origin = self.find_template(template_name)
                       ~~~~~~~~~~~~~~~~~~^^^^^^^^^^^^^^^
  File "C:\All documents\Projects\DressCode\shop\venv\Lib\site-packages\django\template\engine.py", line 159, in find_template
    template = loader.get_template(name, skip=skip)
  File "C:\All documents\Projects\DressCode\shop\venv\Lib\site-packages\django\template\loaders\cached.py", line 57, in get_template
    template = super().get_template(template_name, skip)
  File "C:\All documents\Projects\DressCode\shop\venv\Lib\site-packages\django\template\loaders\base.py", line 28, in get_template
    return Template(
        contents,
    ...<2 lines>...
        self.engine,
    )
  File "C:\All documents\Projects\DressCode\shop\venv\Lib\site-packages\django\template\base.py", line 154, in __init__
    self.nodelist = self.compile_nodelist()
                    ~~~~~~~~~~~~~~~~~~~~~^^
  File "C:\All documents\Projects\DressCode\shop\venv\Lib\site-packages\django\template\base.py", line 196, in compile_nodelist
    nodelist = parser.parse()
  File "C:\All documents\Projects\DressCode\shop\venv\Lib\site-packages\django\template\base.py", line 518, in parse
    raise self.error(token, e)
  File "C:\All documents\Projects\DressCode\shop\venv\Lib\site-packages\django\template\base.py", line 516, in parse
    compiled_result = compile_func(self, token)
  File "C:\All documents\Projects\DressCode\shop\venv\Lib\site-packages\django\template\loader_tags.py", line 299, in do_extends
    nodelist = parser.parse()
  File "C:\All documents\Projects\DressCode\shop\venv\Lib\site-packages\django\template\base.py", line 518, in parse
    raise self.error(token, e)
  File "C:\All documents\Projects\DressCode\shop\venv\Lib\site-packages\django\template\base.py", line 516, in parse
    compiled_result = compile_func(self, token)
  File "C:\All documents\Projects\DressCode\shop\venv\Lib\site-packages\django\template\loader_tags.py", line 234, in do_block
    nodelist = parser.parse(("endblock",))
  File "C:\All documents\Projects\DressCode\shop\venv\Lib\site-packages\django\template\base.py", line 518, in parse
    raise self.error(token, e)
  File "C:\All documents\Projects\DressCode\shop\venv\Lib\site-packages\django\template\base.py", line 516, in parse
    compiled_result = compile_func(self, token)
  File "C:\All documents\Projects\DressCode\shop\venv\Lib\site-packages\django\template\defaulttags.py", line 962, in do_if
    nodelist = parser.parse(("elif", "else", "endif"))
  File "C:\All documents\Projects\DressCode\shop\venv\Lib\site-packages\django\template\base.py", line 518, in parse
    raise self.error(token, e)
  File "C:\All documents\Projects\DressCode\shop\venv\Lib\site-packages\django\template\base.py", line 516, in parse
    compiled_result = compile_func(self, token)
  File "C:\All documents\Projects\DressCode\shop\venv\Lib\site-packages\django\template\defaulttags.py", line 862, in do_for
    nodelist_loop = parser.parse(
        (
    ...<2 lines>...
        )
    )
  File "C:\All documents\Projects\DressCode\shop\venv\Lib\site-packages\django\template\base.py", line 512, in parse
    self.invalid_block_tag(token, command, parse_until)
    ~~~~~~~~~~~~~~~~~~~~~~^^^^^^^^^^^^^^^^^^^^^^^^^^^^^
  File "C:\All documents\Projects\DressCode\shop\venv\Lib\site-packages\django\template\base.py", line 567, in invalid_block_tag
    raise self.error(
    ...<8 lines>...
    )
django.template.exceptions.TemplateSyntaxError: Invalid block tag on line 59: 'endif', expected 'empty' or 'endfor'. Did you forget to register or load this tag?
"GET /ru/cart/ HTTP/1.1" 500 340301
"GET /ru/cart/ HTTP/1.1" 200 23584
"GET /static/cart/css/cart.css HTTP/1.1" 200 24862
Not Found: /favicon.ico
- Broken pipe from ('127.0.0.1', 56760)
"GET /ru/ HTTP/1.1" 200 39311
"GET /ru/2/zip-hoodie-oversized-unorthodox HTTP/1.1" 200 25702
"GET /static/main/css/detail.css HTTP/1.1" 200 7217
"POST /ru/cart/add/2/ HTTP/1.1" 302 0
"GET /ru/2/zip-hoodie-oversized-unorthodox HTTP/1.1" 200 25702
Not Found: /favicon.ico
"GET /favicon.ico HTTP/1.1" 404 16606
Internal Server Error: /ru/cart/
Traceback (most recent call last):
  File "C:\All documents\Projects\DressCode\shop\venv\Lib\site-packages\django\core\handlers\exception.py", line 55, in inner
    response = get_response(request)
  File "C:\All documents\Projects\DressCode\shop\venv\Lib\site-packages\django\core\handlers\base.py", line 197, in _get_response
    response = wrapped_callback(request, *callback_args, **callback_kwargs)
  File "C:\All documents\Projects\DressCode\shop\apps\cart\views.py", line 99, in cart_detail
    return render(request, 'cart/cart_detail.html', {'cart': cart})
  File "C:\All documents\Projects\DressCode\shop\venv\Lib\site-packages\django\shortcuts.py", line 25, in render
    content = loader.render_to_string(template_name, context, request, using=using)
  File "C:\All documents\Projects\DressCode\shop\venv\Lib\site-packages\django\template\loader.py", line 62, in render_to_string
    return template.render(context, request)
           ~~~~~~~~~~~~~~~^^^^^^^^^^^^^^^^^^
  File "C:\All documents\Projects\DressCode\shop\venv\Lib\site-packages\django\template\backends\django.py", line 107, in render
    return self.template.render(context)
           ~~~~~~~~~~~~~~~~~~~~^^^^^^^^^
  File "C:\All documents\Projects\DressCode\shop\venv\Lib\site-packages\django\template\base.py", line 171, in render
    return self._render(context)
           ~~~~~~~~~~~~^^^^^^^^^
  File "C:\All documents\Projects\DressCode\shop\venv\Lib\site-packages\django\test\utils.py", line 114, in instrumented_test_render
    return self.nodelist.render(context)
           ~~~~~~~~~~~~~~~~~~~~^^^^^^^^^
  File "C:\All documents\Projects\DressCode\shop\venv\Lib\site-packages\django\template\base.py", line 1016, in render
    return SafeString("".join([node.render_annotated(context) for node in self]))
                               ~~~~~~~~~~~~~~~~~~~~~^^^^^^^^^
  File "C:\All documents\Projects\DressCode\shop\venv\Lib\site-packages\django\template\base.py", line 977, in render_annotated
    return self.render(context)
           ~~~~~~~~~~~^^^^^^^^^
  File "C:\All documents\Projects\DressCode\shop\venv\Lib\site-packages\django\template\loader_tags.py", line 159, in render
    return compiled_parent._render(context)
           ~~~~~~~~~~~~~~~~~~~~~~~^^^^^^^^^
  File "C:\All documents\Projects\DressCode\shop\venv\Lib\site-packages\django\test\utils.py", line 114, in instrumented_test_render
    return self.nodelist.render(context)
           ~~~~~~~~~~~~~~~~~~~~^^^^^^^^^
  File "C:\All documents\Projects\DressCode\shop\venv\Lib\site-packages\django\template\base.py", line 1016, in render
    return SafeString("".join([node.render_annotated(context) for node in self]))
                               ~~~~~~~~~~~~~~~~~~~~~^^^^^^^^^
  File "C:\All documents\Projects\DressCode\shop\venv\Lib\site-packages\django\template\base.py", line 977, in render_annotated
    return self.render(context)
           ~~~~~~~~~~~^^^^^^^^^
  File "C:\All documents\Projects\DressCode\shop\venv\Lib\site-packages\django\template\loader_tags.py", line 65, in render
    result = block.nodelist.render(context)
  File "C:\All documents\Projects\DressCode\shop\venv\Lib\site-packages\django\template\base.py", line 1016, in render
    return SafeString("".join([node.render_annotated(context) for node in self]))
                               ~~~~~~~~~~~~~~~~~~~~~^^^^^^^^^
  File "C:\All documents\Projects\DressCode\shop\venv\Lib\site-packages\django\template\base.py", line 977, in render_annotated
    return self.render(context)
           ~~~~~~~~~~~^^^^^^^^^
  File "C:\All documents\Projects\DressCode\shop\venv\Lib\site-packages\django\template\defaulttags.py", line 327, in render
    return nodelist.render(context)
           ~~~~~~~~~~~~~~~^^^^^^^^^
  File "C:\All documents\Projects\DressCode\shop\venv\Lib\site-packages\django\template\base.py", line 1016, in render
    return SafeString("".join([node.render_annotated(context) for node in self]))
                               ~~~~~~~~~~~~~~~~~~~~~^^^^^^^^^
  File "C:\All documents\Projects\DressCode\shop\venv\Lib\site-packages\django\template\base.py", line 977, in render_annotated
    return self.render(context)
           ~~~~~~~~~~~^^^^^^^^^
  File "C:\All documents\Projects\DressCode\shop\venv\Lib\site-packages\django\template\defaulttags.py", line 480, in render
    url = reverse(view_name, args=args, kwargs=kwargs, current_app=current_app)
  File "C:\All documents\Projects\DressCode\shop\venv\Lib\site-packages\django\urls\base.py", line 98, in reverse
    resolved_url = resolver._reverse_with_prefix(view, prefix, *args, **kwargs)
  File "C:\All documents\Projects\DressCode\shop\venv\Lib\site-packages\django\urls\resolvers.py", line 831, in _reverse_with_prefix
    raise NoReverseMatch(msg)
django.urls.exceptions.NoReverseMatch: Reverse for 'checkout' not found. 'checkout' is not a valid view function or pattern name.
"GET /ru/cart/ HTTP/1.1" 500 203230
Internal Server Error: /ru/cart/
Traceback (most recent call last):
  File "C:\All documents\Projects\DressCode\shop\venv\Lib\site-packages\django\core\handlers\exception.py", line 55, in inner
    response = get_response(request)
  File "C:\All documents\Projects\DressCode\shop\venv\Lib\site-packages\django\core\handlers\base.py", line 197, in _get_response
    response = wrapped_callback(request, *callback_args, **callback_kwargs)
  File "C:\All documents\Projects\DressCode\shop\apps\cart\views.py", line 99, in cart_detail
    return render(request, 'cart/cart_detail.html', {'cart': cart})
  File "C:\All documents\Projects\DressCode\shop\venv\Lib\site-packages\django\shortcuts.py", line 25, in render
    content = loader.render_to_string(template_name, context, request, using=using)
  File "C:\All documents\Projects\DressCode\shop\venv\Lib\site-packages\django\template\loader.py", line 62, in render_to_string
    return template.render(context, request)
           ~~~~~~~~~~~~~~~^^^^^^^^^^^^^^^^^^
  File "C:\All documents\Projects\DressCode\shop\venv\Lib\site-packages\django\template\backends\django.py", line 107, in render
    return self.template.render(context)
           ~~~~~~~~~~~~~~~~~~~~^^^^^^^^^
  File "C:\All documents\Projects\DressCode\shop\venv\Lib\site-packages\django\template\base.py", line 171, in render
    return self._render(context)
           ~~~~~~~~~~~~^^^^^^^^^
  File "C:\All documents\Projects\DressCode\shop\venv\Lib\site-packages\django\test\utils.py", line 114, in instrumented_test_render
    return self.nodelist.render(context)
           ~~~~~~~~~~~~~~~~~~~~^^^^^^^^^
  File "C:\All documents\Projects\DressCode\shop\venv\Lib\site-packages\django\template\base.py", line 1016, in render
    return SafeString("".join([node.render_annotated(context) for node in self]))
                               ~~~~~~~~~~~~~~~~~~~~~^^^^^^^^^
  File "C:\All documents\Projects\DressCode\shop\venv\Lib\site-packages\django\template\base.py", line 977, in render_annotated
    return self.render(context)
           ~~~~~~~~~~~^^^^^^^^^
  File "C:\All documents\Projects\DressCode\shop\venv\Lib\site-packages\django\template\loader_tags.py", line 159, in render
    return compiled_parent._render(context)
           ~~~~~~~~~~~~~~~~~~~~~~~^^^^^^^^^
  File "C:\All documents\Projects\DressCode\shop\venv\Lib\site-packages\django\test\utils.py", line 114, in instrumented_test_render
    return self.nodelist.render(context)
           ~~~~~~~~~~~~~~~~~~~~^^^^^^^^^
  File "C:\All documents\Projects\DressCode\shop\venv\Lib\site-packages\django\template\base.py", line 1016, in render
    return SafeString("".join([node.render_annotated(context) for node in self]))
                               ~~~~~~~~~~~~~~~~~~~~~^^^^^^^^^
  File "C:\All documents\Projects\DressCode\shop\venv\Lib\site-packages\django\template\base.py", line 977, in render_annotated
    return self.render(context)
           ~~~~~~~~~~~^^^^^^^^^
  File "C:\All documents\Projects\DressCode\shop\venv\Lib\site-packages\django\template\loader_tags.py", line 65, in render
    result = block.nodelist.render(context)
  File "C:\All documents\Projects\DressCode\shop\venv\Lib\site-packages\django\template\base.py", line 1016, in render
    return SafeString("".join([node.render_annotated(context) for node in self]))
                               ~~~~~~~~~~~~~~~~~~~~~^^^^^^^^^
  File "C:\All documents\Projects\DressCode\shop\venv\Lib\site-packages\django\template\base.py", line 977, in render_annotated
    return self.render(context)
           ~~~~~~~~~~~^^^^^^^^^
  File "C:\All documents\Projects\DressCode\shop\venv\Lib\site-packages\django\template\defaulttags.py", line 327, in render
    return nodelist.render(context)
           ~~~~~~~~~~~~~~~^^^^^^^^^
  File "C:\All documents\Projects\DressCode\shop\venv\Lib\site-packages\django\template\base.py", line 1016, in render
    return SafeString("".join([node.render_annotated(context) for node in self]))
                               ~~~~~~~~~~~~~~~~~~~~~^^^^^^^^^
  File "C:\All documents\Projects\DressCode\shop\venv\Lib\site-packages\django\template\base.py", line 977, in render_annotated
    return self.render(context)
           ~~~~~~~~~~~^^^^^^^^^
  File "C:\All documents\Projects\DressCode\shop\venv\Lib\site-packages\django\template\defaulttags.py", line 480, in render
    url = reverse(view_name, args=args, kwargs=kwargs, current_app=current_app)
  File "C:\All documents\Projects\DressCode\shop\venv\Lib\site-packages\django\urls\base.py", line 98, in reverse
    resolved_url = resolver._reverse_with_prefix(view, prefix, *args, **kwargs)
  File "C:\All documents\Projects\DressCode\shop\venv\Lib\site-packages\django\urls\resolvers.py", line 831, in _reverse_with_prefix
    raise NoReverseMatch(msg)
django.urls.exceptions.NoReverseMatch: Reverse for 'checkout' not found. 'checkout' is not a valid view function or pattern name.
"GET /ru/cart/ HTTP/1.1" 500 203197
"GET /ru/2/zip-hoodie-oversized-unorthodox HTTP/1.1" 200 31624
"GET /ru/2/zip-hoodie-oversized-unorthodox HTTP/1.1" 200 31624
"GET /ru/2/zip-hoodie-oversized-unorthodox HTTP/1.1" 200 31624
"GET /static/main/css/header.css HTTP/1.1" 200 18375
"GET /static/main/css/detail.css HTTP/1.1" 200 7217
"GET /static/main/css/footer.css HTTP/1.1" 200 2831
"GET /static/main/js/burger.js HTTP/1.1" 200 8406
"GET /static/debug_toolbar/css/toolbar.css HTTP/1.1" 200 29468
"GET /static/debug_toolbar/js/toolbar.js HTTP/1.1" 200 14879
"GET /static/debug_toolbar/js/utils.js HTTP/1.1" 200 4700
"GET /static/debug_toolbar/css/print.css HTTP/1.1" 200 43
"GET /media/product/2025/08/22/Alright-Hoodie-BL-F.webp HTTP/1.1" 200 37506
Not Found: /favicon.ico
"GET /favicon.ico HTTP/1.1" 404 16606
"GET /ru/ HTTP/1.1" 200 39311
"GET /static/main/css/catalog.css HTTP/1.1" 200 14029
Internal Server Error: /ru/cart/
Traceback (most recent call last):
  File "C:\All documents\Projects\DressCode\shop\venv\Lib\site-packages\django\core\handlers\exception.py", line 55, in inner
    response = get_response(request)
  File "C:\All documents\Projects\DressCode\shop\venv\Lib\site-packages\django\core\handlers\base.py", line 197, in _get_response
    response = wrapped_callback(request, *callback_args, **callback_kwargs)
  File "C:\All documents\Projects\DressCode\shop\apps\cart\views.py", line 99, in cart_detail
    return render(request, 'cart/cart_detail.html', {'cart': cart})
  File "C:\All documents\Projects\DressCode\shop\venv\Lib\site-packages\django\shortcuts.py", line 25, in render
    content = loader.render_to_string(template_name, context, request, using=using)
  File "C:\All documents\Projects\DressCode\shop\venv\Lib\site-packages\django\template\loader.py", line 62, in render_to_string
    return template.render(context, request)
           ~~~~~~~~~~~~~~~^^^^^^^^^^^^^^^^^^
  File "C:\All documents\Projects\DressCode\shop\venv\Lib\site-packages\django\template\backends\django.py", line 107, in render
    return self.template.render(context)
           ~~~~~~~~~~~~~~~~~~~~^^^^^^^^^
  File "C:\All documents\Projects\DressCode\shop\venv\Lib\site-packages\django\template\base.py", line 171, in render
    return self._render(context)
           ~~~~~~~~~~~~^^^^^^^^^
  File "C:\All documents\Projects\DressCode\shop\venv\Lib\site-packages\django\test\utils.py", line 114, in instrumented_test_render
    return self.nodelist.render(context)
           ~~~~~~~~~~~~~~~~~~~~^^^^^^^^^
  File "C:\All documents\Projects\DressCode\shop\venv\Lib\site-packages\django\template\base.py", line 1016, in render
    return SafeString("".join([node.render_annotated(context) for node in self]))
                               ~~~~~~~~~~~~~~~~~~~~~^^^^^^^^^
  File "C:\All documents\Projects\DressCode\shop\venv\Lib\site-packages\django\template\base.py", line 977, in render_annotated
    return self.render(context)
           ~~~~~~~~~~~^^^^^^^^^
  File "C:\All documents\Projects\DressCode\shop\venv\Lib\site-packages\django\template\loader_tags.py", line 159, in render
    return compiled_parent._render(context)
           ~~~~~~~~~~~~~~~~~~~~~~~^^^^^^^^^
  File "C:\All documents\Projects\DressCode\shop\venv\Lib\site-packages\django\test\utils.py", line 114, in instrumented_test_render
    return self.nodelist.render(context)
           ~~~~~~~~~~~~~~~~~~~~^^^^^^^^^
  File "C:\All documents\Projects\DressCode\shop\venv\Lib\site-packages\django\template\base.py", line 1016, in render
    return SafeString("".join([node.render_annotated(context) for node in self]))
                               ~~~~~~~~~~~~~~~~~~~~~^^^^^^^^^
  File "C:\All documents\Projects\DressCode\shop\venv\Lib\site-packages\django\template\base.py", line 977, in render_annotated
    return self.render(context)
           ~~~~~~~~~~~^^^^^^^^^
  File "C:\All documents\Projects\DressCode\shop\venv\Lib\site-packages\django\template\loader_tags.py", line 65, in render
    result = block.nodelist.render(context)
  File "C:\All documents\Projects\DressCode\shop\venv\Lib\site-packages\django\template\base.py", line 1016, in render
    return SafeString("".join([node.render_annotated(context) for node in self]))
                               ~~~~~~~~~~~~~~~~~~~~~^^^^^^^^^
  File "C:\All documents\Projects\DressCode\shop\venv\Lib\site-packages\django\template\base.py", line 977, in render_annotated
    return self.render(context)
           ~~~~~~~~~~~^^^^^^^^^
  File "C:\All documents\Projects\DressCode\shop\venv\Lib\site-packages\django\template\defaulttags.py", line 327, in render
    return nodelist.render(context)
           ~~~~~~~~~~~~~~~^^^^^^^^^
  File "C:\All documents\Projects\DressCode\shop\venv\Lib\site-packages\django\template\base.py", line 1016, in render
    return SafeString("".join([node.render_annotated(context) for node in self]))
                               ~~~~~~~~~~~~~~~~~~~~~^^^^^^^^^
  File "C:\All documents\Projects\DressCode\shop\venv\Lib\site-packages\django\template\base.py", line 977, in render_annotated
    return self.render(context)
           ~~~~~~~~~~~^^^^^^^^^
  File "C:\All documents\Projects\DressCode\shop\venv\Lib\site-packages\django\template\defaulttags.py", line 480, in render
    url = reverse(view_name, args=args, kwargs=kwargs, current_app=current_app)
  File "C:\All documents\Projects\DressCode\shop\venv\Lib\site-packages\django\urls\base.py", line 98, in reverse
    resolved_url = resolver._reverse_with_prefix(view, prefix, *args, **kwargs)
  File "C:\All documents\Projects\DressCode\shop\venv\Lib\site-packages\django\urls\resolvers.py", line 831, in _reverse_with_prefix
    raise NoReverseMatch(msg)
django.urls.exceptions.NoReverseMatch: Reverse for 'checkout' not found. 'checkout' is not a valid view function or pattern name.
"GET /ru/cart/ HTTP/1.1" 500 202893
"GET /ru/2/zip-hoodie-oversized-unorthodox HTTP/1.1" 200 25702
Internal Server Error: /ru/cart/
Traceback (most recent call last):
  File "C:\All documents\Projects\DressCode\shop\venv\Lib\site-packages\django\core\handlers\exception.py", line 55, in inner
    response = get_response(request)
  File "C:\All documents\Projects\DressCode\shop\venv\Lib\site-packages\django\core\handlers\base.py", line 197, in _get_response
    response = wrapped_callback(request, *callback_args, **callback_kwargs)
  File "C:\All documents\Projects\DressCode\shop\apps\cart\views.py", line 99, in cart_detail
    return render(request, 'cart/cart_detail.html', {'cart': cart})
  File "C:\All documents\Projects\DressCode\shop\venv\Lib\site-packages\django\shortcuts.py", line 25, in render
    content = loader.render_to_string(template_name, context, request, using=using)
  File "C:\All documents\Projects\DressCode\shop\venv\Lib\site-packages\django\template\loader.py", line 62, in render_to_string
    return template.render(context, request)
           ~~~~~~~~~~~~~~~^^^^^^^^^^^^^^^^^^
  File "C:\All documents\Projects\DressCode\shop\venv\Lib\site-packages\django\template\backends\django.py", line 107, in render
    return self.template.render(context)
           ~~~~~~~~~~~~~~~~~~~~^^^^^^^^^
  File "C:\All documents\Projects\DressCode\shop\venv\Lib\site-packages\django\template\base.py", line 171, in render
    return self._render(context)
           ~~~~~~~~~~~~^^^^^^^^^
  File "C:\All documents\Projects\DressCode\shop\venv\Lib\site-packages\django\test\utils.py", line 114, in instrumented_test_render
    return self.nodelist.render(context)
           ~~~~~~~~~~~~~~~~~~~~^^^^^^^^^
  File "C:\All documents\Projects\DressCode\shop\venv\Lib\site-packages\django\template\base.py", line 1016, in render
    return SafeString("".join([node.render_annotated(context) for node in self]))
                               ~~~~~~~~~~~~~~~~~~~~~^^^^^^^^^
  File "C:\All documents\Projects\DressCode\shop\venv\Lib\site-packages\django\template\base.py", line 977, in render_annotated
    return self.render(context)
           ~~~~~~~~~~~^^^^^^^^^
  File "C:\All documents\Projects\DressCode\shop\venv\Lib\site-packages\django\template\loader_tags.py", line 159, in render
    return compiled_parent._render(context)
           ~~~~~~~~~~~~~~~~~~~~~~~^^^^^^^^^
  File "C:\All documents\Projects\DressCode\shop\venv\Lib\site-packages\django\test\utils.py", line 114, in instrumented_test_render
    return self.nodelist.render(context)
           ~~~~~~~~~~~~~~~~~~~~^^^^^^^^^
  File "C:\All documents\Projects\DressCode\shop\venv\Lib\site-packages\django\template\base.py", line 1016, in render
    return SafeString("".join([node.render_annotated(context) for node in self]))
                               ~~~~~~~~~~~~~~~~~~~~~^^^^^^^^^
  File "C:\All documents\Projects\DressCode\shop\venv\Lib\site-packages\django\template\base.py", line 977, in render_annotated
    return self.render(context)
           ~~~~~~~~~~~^^^^^^^^^
  File "C:\All documents\Projects\DressCode\shop\venv\Lib\site-packages\django\template\loader_tags.py", line 65, in render
    result = block.nodelist.render(context)
  File "C:\All documents\Projects\DressCode\shop\venv\Lib\site-packages\django\template\base.py", line 1016, in render
    return SafeString("".join([node.render_annotated(context) for node in self]))
                               ~~~~~~~~~~~~~~~~~~~~~^^^^^^^^^
  File "C:\All documents\Projects\DressCode\shop\venv\Lib\site-packages\django\template\base.py", line 977, in render_annotated
    return self.render(context)
           ~~~~~~~~~~~^^^^^^^^^
  File "C:\All documents\Projects\DressCode\shop\venv\Lib\site-packages\django\template\defaulttags.py", line 327, in render
    return nodelist.render(context)
           ~~~~~~~~~~~~~~~^^^^^^^^^
  File "C:\All documents\Projects\DressCode\shop\venv\Lib\site-packages\django\template\base.py", line 1016, in render
    return SafeString("".join([node.render_annotated(context) for node in self]))
                               ~~~~~~~~~~~~~~~~~~~~~^^^^^^^^^
  File "C:\All documents\Projects\DressCode\shop\venv\Lib\site-packages\django\template\base.py", line 977, in render_annotated
    return self.render(context)
           ~~~~~~~~~~~^^^^^^^^^
  File "C:\All documents\Projects\DressCode\shop\venv\Lib\site-packages\django\template\defaulttags.py", line 480, in render
    url = reverse(view_name, args=args, kwargs=kwargs, current_app=current_app)
  File "C:\All documents\Projects\DressCode\shop\venv\Lib\site-packages\django\urls\base.py", line 98, in reverse
    resolved_url = resolver._reverse_with_prefix(view, prefix, *args, **kwargs)
  File "C:\All documents\Projects\DressCode\shop\venv\Lib\site-packages\django\urls\resolvers.py", line 831, in _reverse_with_prefix
    raise NoReverseMatch(msg)
django.urls.exceptions.NoReverseMatch: Reverse for 'checkout' not found. 'checkout' is not a valid view function or pattern name.
"GET /ru/cart/ HTTP/1.1" 500 202926
"GET /ru/cart/ HTTP/1.1" 200 26209
"GET /static/cart/css/cart.css HTTP/1.1" 200 3450
"POST /ru/cart/add/2/ HTTP/1.1" 302 0
"GET /ru/cart/ HTTP/1.1" 200 26209
"GET /static/cart/css/cart.css HTTP/1.1" 304 0
Not Found: /favicon.ico
"GET /favicon.ico HTTP/1.1" 404 16606
"POST /ru/cart/remove_one_quan/2/ HTTP/1.1" 302 0
"GET /ru/cart/ HTTP/1.1" 200 26209
"GET /static/cart/css/cart.css HTTP/1.1" 304 0
"POST /ru/cart/add/2/ HTTP/1.1" 302 0
"GET /ru/cart/ HTTP/1.1" 200 26209
Not Found: /favicon.ico
"GET /favicon.ico HTTP/1.1" 404 16606
"POST /ru/cart/add/2/ HTTP/1.1" 302 0
"GET /ru/cart/ HTTP/1.1" 200 26209
"GET /static/cart/css/cart.css HTTP/1.1" 304 0
Not Found: /favicon.ico
"GET /favicon.ico HTTP/1.1" 404 16606
"GET /ru/cart/ HTTP/1.1" 200 26209
"POST /ru/cart/remove_one_quan/2/ HTTP/1.1" 302 0
"GET /ru/cart/ HTTP/1.1" 200 26209
"GET /static/cart/css/cart.css HTTP/1.1" 304 0
"GET /ru/cart/ HTTP/1.1" 200 26209
"GET /static/cart/css/cart.css HTTP/1.1" 200 3334
"GET /ru/cart/ HTTP/1.1" 200 26209
"GET /static/cart/css/cart.css HTTP/1.1" 304 0
"GET /ru/cart/ HTTP/1.1" 200 26209
"GET /static/cart/css/cart.css HTTP/1.1" 200 3111
"GET /ru/cart/ HTTP/1.1" 200 26209
"GET /static/cart/css/cart.css HTTP/1.1" 304 0
"GET /ru/cart/ HTTP/1.1" 200 26209
"GET /static/cart/css/cart.css HTTP/1.1" 200 3450
"GET /ru/user/profile/ HTTP/1.1" 200 43851
"GET /static/users/css/profile.css HTTP/1.1" 200 7473
"GET /static/users/images/default_ava.png HTTP/1.1" 200 15320
"GET /ru/ HTTP/1.1" 200 39311
"GET /ru/cart/ HTTP/1.1" 200 26209
"GET /static/cart/css/cart.css HTTP/1.1" 304 0
- Broken pipe from ('127.0.0.1', 56782)
"GET /ru/ HTTP/1.1" 200 39311
"GET /ru/cart/ HTTP/1.1" 200 26209
"GET /static/cart/css/cart.css HTTP/1.1" 304 0
"GET /ru/ HTTP/1.1" 200 39311
Not Found: /favicon.ico
- Broken pipe from ('127.0.0.1', 56852)
"GET /ru/user/login/ HTTP/1.1" 200 15900
"GET /static/users/css/login.css HTTP/1.1" 200 4270
"GET /ru/user/password-reset/ HTTP/1.1" 200 16771
"GET /static/users/css/password_reset_form.css HTTP/1.1" 200 5314
"GET /ru/user/profile/ HTTP/1.1" 200 43851
"GET /ru/orders/order/ORD-0CA08A12/ HTTP/1.1" 200 17932
"GET /static/orders/css/order_detail.css HTTP/1.1" 200 8120
"GET /api/products/ HTTP/1.1" 302 0
"GET /ru/api/products/ HTTP/1.1" 200 401
Not Found: /favicon.ico
"GET /favicon.ico HTTP/1.1" 404 16605
"GET /ru/api/products/ HTTP/1.1" 200 401
Not Found: /favicon.ico
"GET /favicon.ico HTTP/1.1" 404 16605
"GET /ru/api/products/ HTTP/1.1" 200 401
Not Found: /favicon.ico
"GET /favicon.ico HTTP/1.1" 404 16605
"GET /ru/ HTTP/1.1" 200 39311
"GET /ru/cart/ HTTP/1.1" 200 26209
"GET /static/cart/css/cart.css HTTP/1.1" 200 9216
"GET /ru/cart/ HTTP/1.1" 200 26209
"GET /static/main/css/header.css HTTP/1.1" 200 18375
"GET /static/main/css/footer.css HTTP/1.1" 200 2831
"GET /static/cart/css/cart.css HTTP/1.1" 200 9216
"GET /static/main/js/burger.js HTTP/1.1" 200 8406
"GET /static/debug_toolbar/css/toolbar.css HTTP/1.1" 200 29468
"GET /static/debug_toolbar/js/toolbar.js HTTP/1.1" 200 14879
"GET /static/debug_toolbar/js/utils.js HTTP/1.1" 200 4700
"GET /media/product/2025/08/22/Alright-Hoodie-BL-F.webp HTTP/1.1" 200 37506
"GET /static/debug_toolbar/css/print.css HTTP/1.1" 200 43
Not Found: /favicon.ico
"GET /favicon.ico HTTP/1.1" 404 16606
"GET /ru/cart/ HTTP/1.1" 200 26209
"GET /ru/cart/ HTTP/1.1" 200 26209
"GET /static/cart/css/cart.css HTTP/1.1" 304 0
"GET /ru/cart/ HTTP/1.1" 200 26209
"GET /static/cart/css/cart.css HTTP/1.1" 200 10644
Not Found: /favicon.ico
- Broken pipe from ('127.0.0.1', 56980)
"GET /ru/cart/ HTTP/1.1" 200 26209
"GET /static/main/css/header.css HTTP/1.1" 200 18375
"GET /static/main/css/footer.css HTTP/1.1" 200 2831
"GET /static/cart/css/cart.css HTTP/1.1" 200 10644
"GET /static/main/js/burger.js HTTP/1.1" 200 8406
"GET /static/debug_toolbar/css/toolbar.css HTTP/1.1" 200 29468
"GET /static/debug_toolbar/js/toolbar.js HTTP/1.1" 200 14879
"GET /static/debug_toolbar/js/utils.js HTTP/1.1" 200 4700
"GET /media/product/2025/08/22/Alright-Hoodie-BL-F.webp HTTP/1.1" 200 37506
"GET /static/debug_toolbar/css/print.css HTTP/1.1" 200 43
Not Found: /favicon.ico
"GET /favicon.ico HTTP/1.1" 404 16606
"GET /ru/cart/ HTTP/1.1" 200 26209
"GET /static/cart/css/cart.css HTTP/1.1" 304 0
"GET /ru/cart/ HTTP/1.1" 200 26209
"GET /static/cart/css/cart.css HTTP/1.1" 304 0
"GET /static/main/css/footer.css HTTP/1.1" 200 2831
- Broken pipe from ('127.0.0.1', 56988)
- Broken pipe from ('127.0.0.1', 56986)
"GET /ru/cart/ HTTP/1.1" 200 26209
"GET /static/cart/css/cart.css HTTP/1.1" 200 3450
"GET /ru/cart/ HTTP/1.1" 200 26209
"GET /static/cart/css/cart.css HTTP/1.1" 304 0
"GET /ru/cart/ HTTP/1.1" 200 26227
"GET /static/cart/css/cart.css HTTP/1.1" 304 0
"GET /ru/orders/create/ HTTP/1.1" 200 35989
"GET /static/orders/css/create.css HTTP/1.1" 200 13738
"GET /ru/ HTTP/1.1" 200 39311
"GET /static/main/css/catalog.css HTTP/1.1" 200 14029
Not Found: /favicon.ico
- Broken pipe from ('127.0.0.1', 56989)
"GET /ru/search/?q= HTTP/1.1" 200 37941
"GET /ru/search/?q= HTTP/1.1" 200 36919
Watching for file changes with StatReloader
"GET / HTTP/1.1" 302 0
"GET /ru/ HTTP/1.1" 200 38289
"GET /static/main/css/footer.css HTTP/1.1" 200 2831
"GET /static/main/css/header.css HTTP/1.1" 200 18375
"GET /static/main/css/catalog.css HTTP/1.1" 200 14029
"GET /static/debug_toolbar/css/toolbar.css HTTP/1.1" 200 29468
"GET /static/main/js/burger.js HTTP/1.1" 200 8406
"GET /static/debug_toolbar/js/toolbar.js HTTP/1.1" 200 14879
"GET /static/debug_toolbar/js/utils.js HTTP/1.1" 200 4700
"GET /media/product/2025/08/22/Alright-Hoodie-BL-F.webp HTTP/1.1" 200 37506
"GET /static/debug_toolbar/css/print.css HTTP/1.1" 200 43
Not Found: /favicon.ico
"GET /favicon.ico HTTP/1.1" 404 16605
C:\All documents\Projects\DressCode\shop\apps\main\serializers.py changed, reloading.
Watching for file changes with StatReloader
C:\All documents\Projects\DressCode\shop\apps\main\serializers.py changed, reloading.
Watching for file changes with StatReloader
C:\All documents\Projects\DressCode\shop\apps\main\serializers.py changed, reloading.
Watching for file changes with StatReloader
